{
  "format_version": "1.10.0",
  "minecraft:client_entity": {
    "description": {
      "identifier": "among_us:black_dead",
      "textures": {
        "default": "textures/entity/black_dead"
      },
      "materials": { 
        "default": "trident" 
      },
      "scripts": {
        "animate": [
          { "dead": "!query.is_moving" }
        ]
      },
      "animations": {
        "dead": "animation.among_us.dead"
      },
      "geometry": {
        "default": "geometry.dead"
      },
      "render_controllers": [ 
        "controller.render.default"
      ],
      "spawn_egg": {
        "texture": "spawn_egg",
        "texture_index": 0
      }
    }
  }
}