{
	"file_path": "C:\\Users\\User\\AppData\\Local\\Packages\\Microsoft.MinecraftUWP_8wekyb3d8bbwe\\LocalState\\games\\com.mojang\\development_behavior_packs\\SecurityBE\\blocks\\cobblestone_mossy_reinforced.json",
	"file_type": "block",
	"format_version": 1,
	"file_uuid": "5f3cc048_a515_40c9_a881_7845b91fbfc1",
	"file_version": 5,
	"cache_content": {
		"open": true,
		"comment": "",
		"data": "",
		"key": "global",
		"type": "object",
		"meta": {},
		"children": [
			{
				"open": false,
				"comment": "",
				"data": "1.10.0",
				"key": "format_version",
				"type": "string",
				"meta": {},
				"children": []
			},
			{
				"open": true,
				"comment": "",
				"data": "",
				"key": "minecraft:block",
				"type": "object",
				"meta": {},
				"children": [
					{
						"open": true,
						"comment": "",
						"data": "",
						"key": "description",
						"type": "object",
						"meta": {},
						"children": [
							{
								"open": true,
								"comment": "",
								"data": "scb:cobblestone_mossy_reinforced",
								"key": "identifier",
								"type": "string",
								"meta": {
									"definitions": [
										"block"
									]
								},
								"children": []
							},
							{
								"open": true,
								"comment": "",
								"data": "true",
								"key": "register_to_creative_menu",
								"type": "boolean",
								"meta": {},
								"children": []
							}
						]
					},
					{
						"open": true,
						"comment": "",
						"data": "",
						"key": "components",
						"type": "object",
						"meta": {},
						"children": [
							{
								"open": true,
								"comment": "",
								"data": "",
								"key": "minecraft:destroy_time",
								"type": "object",
								"meta": {},
								"children": [
									{
										"open": false,
										"comment": "",
										"data": "10000",
										"key": "value",
										"type": "string",
										"meta": {},
										"children": []
									}
								]
							},
							{
								"open": true,
								"comment": "",
								"data": "",
								"key": "minecraft:explosion_resistance",
								"type": "object",
								"meta": {},
								"children": [
									{
										"open": false,
										"comment": "",
										"data": "10000",
										"key": "value",
										"type": "string",
										"meta": {},
										"children": []
									}
								]
							},
							{
								"open": true,
								"comment": "",
								"data": "",
								"key": "minecraft:map_color",
								"type": "object",
								"meta": {},
								"children": [
									{
										"open": false,
										"comment": "",
										"data": "#573320",
										"key": "color",
										"type": "string",
										"meta": {
											"is_value": true
										},
										"children": []
									}
								]
							}
						]
					}
				]
			}
		]
	}
}