{
    "format_version": "1.16.0",
    "minecraft:block": {
        "description": {
            "identifier": "furniture:lamp_on",
            "properties": {
                "lamp:off": [ false, true ]
            }
        },
        "components": {
            "minecraft:loot": "loot_tables/chests/loot_tables/blocks/asteroid_rock.json",
            "minecraft:destroy_time": 3.0,
            "minecraft:friction": 0.6,
            "minecraft:on_interact": {
                "event": "lamp:off",
                "target": "self"
            },
            "minecraft:map_color": "#00ff00",
            "minecraft:flammable": {
                "flame_odds": 0,
                "burn_odds": 0
            },
            "minecraft:pick_collision": {
                "origin": [ -5, 0, -5 ],
                "size": [ 10, 24, 10 ]
            },
            "minecraft:entity_collision": {
                "origin": [ -6, 0, -6 ],
                "size": [ 10, 24, 10 ]
            },
            "minecraft:block_light_emission": 0.9,
            "minecraft:geometry": "geometry.lamp",
            "minecraft:material_instances": {
                "*": {
                    "texture": "lamp",
                    "render_method": "blend"
                }
            }
        },
        "events": {
            "lamp:off": {
                "set_block_at_pos": {
                    "block_offset": [ 0, 0, 0 ],
                    "block_type": "furniture:lamp_off"
                }
            }
        }
    }
}