{"packs":[{"can_be_redownloaded":false,"name":"Among Us TexturePack","uuid":"d6576cc4-4ea9-451a-bf89-ff43ccbfc805","version":[1,0,0]},{"can_be_redownloaded":false,"name":"Furniture+ RES","uuid":"8de3ce8d-96cd-46ba-8acc-f70a60655804","version":[0,0,1]},{"can_be_redownloaded":false,"name":"ESBE_2G v2.0","uuid":"f64b9cd6-c979-45d0-b79a-421c7b7f5cc3","version":[0,2,0]},{"can_be_redownloaded":false,"name":"Among Us [Remastered] TexturePack","uuid":"a84227cb-ac31-4fc3-a640-5d8fc12f9f27","version":[3,0,0]},{"can_be_redownloaded":false,"name":{"en_US":"§bSecurityBEcraft 1.1 Resources by @Pammsitoh"},"uuid":"f5239a94-a102-4fdd-8d8a-932548f620ef","version":[1,1,0]}]}
