{
	"file_path": "C:\\Users\\Hanprog\\AppData\\Local\\Packages\\Microsoft.MinecraftUWP_8wekyb3d8bbwe\\LocalState\\games\\com.mojang\\development_behavior_packs\\Among Us Pack BP\\entities\\em_button.json",
	"file_type": "entity",
	"format_version": 1,
	"file_uuid": "4869435e_ee2e_4322_9f1e_1e3cc75986b5",
	"file_version": 1,
	"cache_content": {
		"children": [
			{
				"data": "1.10.0",
				"key": "format_version"
			},
			{
				"open": {
					"format_version": "1.10.0",
					"minecraft:entity": {
						"description": {
							"identifier": "hp:em_button",
							"is_spawnable": true,
							"is_summonable": true,
							"is_experimental": false,
							"scripts": {
								"animate": [
									"base"
								]
							},
							"animations": {
								"base": "controller.animation.sirlich_entity_commands"
							},
							"runtime_identifier": "minecraft:shulker"
						},
						"component_groups": {
							"execute_no_commands": {
								"minecraft:skin_id": {
									"value": 0
								}
							},
							"command_example": {
								"minecraft:skin_id": {
									"value": 1
								}
							},
							"command_zombies": {
								"minecraft:skin_id": {
									"value": 2
								}
							}
						},
						"components": {
							"minecraft:type_family": {
								"family": [
									"em_button"
								]
							},
							"minecraft:breathable": {
								"totalSupply": 15,
								"suffocateTime": 0
							},
							"minecraft:collision_box": {
								"width": 0.8,
								"height": 0.8
							},
							"minecraft:nameable": {},
							"minecraft:health": {
								"value": 26,
								"max": 30
							},
							"minecraft:jump.static": {},
							"minecraft:damage_sensor": {
								"triggers": [
									{
										"on_damage": {
											"filters": {
												"test": "is_family",
												"subject": "other",
												"operator": "==",
												"value": "player"
											},
											"event": "command_example"
										},
										"deals_damage": false
									}
								]
							},
							"minecraft:interact": {
								"interactions": [
									{
										"on_interact": {
											"filters": {
												"all_of": [
													{
														"test": "is_family",
														"subject": "other",
														"value": "player"
													}
												]
											},
											"event": "command_example"
										}
									}
								]
							}
						},
						"events": {
							"minecraft:entity_spawned": {
								"add": {
									"component_groups": [
										"execute_no_commands"
									]
								}
							},
							"execute_no_command": {
								"add": {
									"component_groups": [
										"execute_no_commands"
									]
								},
								"remove": {
									"component_groups": [
										"command_example"
									]
								}
							},
							"command_example": {
								"execute": {
									"commands": [
										"/function meeting"
									]
								}
							},
							"command_zombies": {
								"add": {
									"component_groups": [
										"command_zombies"
									]
								}
							}
						}
					}
				},
				"key": "minecraft:entity",
				"children": [
					{
						"open": {
							"description": {
								"identifier": "hp:em_button",
								"is_spawnable": true,
								"is_summonable": true,
								"is_experimental": false,
								"scripts": {
									"animate": [
										"base"
									]
								},
								"animations": {
									"base": "controller.animation.sirlich_entity_commands"
								},
								"runtime_identifier": "minecraft:shulker"
							},
							"component_groups": {
								"execute_no_commands": {
									"minecraft:skin_id": {
										"value": 0
									}
								},
								"command_example": {
									"minecraft:skin_id": {
										"value": 1
									}
								},
								"command_zombies": {
									"minecraft:skin_id": {
										"value": 2
									}
								}
							},
							"components": {
								"minecraft:type_family": {
									"family": [
										"em_button"
									]
								},
								"minecraft:breathable": {
									"totalSupply": 15,
									"suffocateTime": 0
								},
								"minecraft:collision_box": {
									"width": 0.8,
									"height": 0.8
								},
								"minecraft:nameable": {},
								"minecraft:health": {
									"value": 26,
									"max": 30
								},
								"minecraft:jump.static": {},
								"minecraft:damage_sensor": {
									"triggers": [
										{
											"on_damage": {
												"filters": {
													"test": "is_family",
													"subject": "other",
													"operator": "==",
													"value": "player"
												},
												"event": "command_example"
											},
											"deals_damage": false
										}
									]
								},
								"minecraft:interact": {
									"interactions": [
										{
											"on_interact": {
												"filters": {
													"all_of": [
														{
															"test": "is_family",
															"subject": "other",
															"value": "player"
														}
													]
												},
												"event": "command_example"
											}
										}
									]
								}
							},
							"events": {
								"minecraft:entity_spawned": {
									"add": {
										"component_groups": [
											"execute_no_commands"
										]
									}
								},
								"execute_no_command": {
									"add": {
										"component_groups": [
											"execute_no_commands"
										]
									},
									"remove": {
										"component_groups": [
											"command_example"
										]
									}
								},
								"command_example": {
									"execute": {
										"commands": [
											"/function meeting"
										]
									}
								},
								"command_zombies": {
									"add": {
										"component_groups": [
											"command_zombies"
										]
									}
								}
							}
						},
						"key": "description",
						"is_minified": true,
						"children": {
							"identifier": "hp:em_button",
							"is_spawnable": true,
							"is_summonable": true,
							"is_experimental": false,
							"scripts": {
								"animate": [
									"base"
								]
							},
							"animations": {
								"base": "controller.animation.sirlich_entity_commands"
							},
							"runtime_identifier": "minecraft:shulker"
						}
					},
					{
						"key": "component_groups",
						"is_minified": true,
						"children": {
							"execute_no_commands": {
								"minecraft:skin_id": {
									"value": 0
								}
							},
							"command_example": {
								"minecraft:skin_id": {
									"value": 1
								}
							},
							"command_zombies": {
								"minecraft:skin_id": {
									"value": 2
								}
							}
						}
					},
					{
						"key": "components",
						"is_minified": true,
						"children": {
							"minecraft:type_family": {
								"family": [
									"em_button"
								]
							},
							"minecraft:breathable": {
								"totalSupply": 15,
								"suffocateTime": 0
							},
							"minecraft:collision_box": {
								"width": 0.8,
								"height": 0.8
							},
							"minecraft:nameable": {},
							"minecraft:health": {
								"value": 26,
								"max": 30
							},
							"minecraft:jump.static": {},
							"minecraft:damage_sensor": {
								"triggers": [
									{
										"on_damage": {
											"filters": {
												"test": "is_family",
												"subject": "other",
												"operator": "==",
												"value": "player"
											},
											"event": "command_example"
										},
										"deals_damage": false
									}
								]
							},
							"minecraft:interact": {
								"interactions": [
									{
										"on_interact": {
											"filters": {
												"all_of": [
													{
														"test": "is_family",
														"subject": "other",
														"value": "player"
													}
												]
											},
											"event": "command_example"
										}
									}
								]
							}
						}
					},
					{
						"key": "events",
						"children": [
							{
								"key": "minecraft:entity_spawned",
								"is_minified": true,
								"children": {
									"add": {
										"component_groups": [
											"execute_no_commands"
										]
									}
								}
							},
							{
								"key": "execute_no_command",
								"is_minified": true,
								"children": {
									"add": {
										"component_groups": [
											"execute_no_commands"
										]
									},
									"remove": {
										"component_groups": [
											"command_example"
										]
									}
								}
							},
							{
								"open": {
									"minecraft:entity_spawned": {
										"add": {
											"component_groups": [
												"execute_no_commands"
											]
										}
									},
									"execute_no_command": {
										"add": {
											"component_groups": [
												"execute_no_commands"
											]
										},
										"remove": {
											"component_groups": [
												"command_example"
											]
										}
									},
									"command_example": {
										"execute": {
											"commands": [
												"/function meeting"
											]
										}
									},
									"command_zombies": {
										"add": {
											"component_groups": [
												"command_zombies"
											]
										}
									}
								},
								"key": "command_example",
								"children": [
									{
										"open": {
											"execute": {
												"commands": [
													"/function meeting"
												]
											}
										},
										"key": "execute",
										"children": [
											{
												"open": {
													"commands": [
														"/function meeting"
													]
												},
												"key": "commands",
												"is_minified": true,
												"array": [
													"/function meeting"
												]
											}
										]
									}
								]
							},
							{
								"key": "command_zombies",
								"is_minified": true,
								"children": {
									"add": {
										"component_groups": [
											"command_zombies"
										]
									}
								}
							}
						]
					}
				]
			}
		]
	}
}