{
  "format_version": "1.8.0",
  "minecraft:entity": {
    "description": {
      "identifier": "among_us:among_us_blue_death",
      "is_spawnable": false,
      "is_summonable": true,
      "is_experimental": false
    },
    "component_groups": {
    },

    "components": {
      "minecraft:type_family": {
        "family": [ "animal" ]
      },
      "minecraft:breathable": {
        "totalSupply": 15,
        "suffocateTime": 0
      },
      "minecraft:collision_box": {
        "width": 0.55,
        "height": 0.55
      },
      "minecraft:fall_damage": {
        "value": 0.0
      },

         "minecraft:navigation.walk": {
        "can_path_over_water": true
        },
        "minecraft:movement.basic": {

        },
        "minecraft:jump.static": {
        },
      "minecraft:health": {
        "value": 255,
        "max": 255
      },
        "minecraft:scale": {
          "value": 1.0
        },
      "minecraft:nameable": {
      },
	  "minecraft:fire_immune": true,
      "minecraft:input_ground_controlled": {
      },
      

      "minecraft:physics": {
      }
    },

    "events": {
    }
  }
}
