{
	"file_path": "C:\\Users\\Hanprog\\AppData\\Local\\Packages\\Microsoft.MinecraftUWP_8wekyb3d8bbwe\\LocalState\\games\\com.mojang\\development_resource_packs\\Among Us Pack RP/animations/dead_body.anim.json",
	"file_type": "rp_animation",
	"format_version": 1,
	"file_uuid": "c308afe3_88b7_48cb_9a57_622e43ec5b0e",
	"file_version": 3,
	"cache_content": {
		"children": [
			{
				"open": {
					"format_version": "1.8.0",
					"animations": {
						"animation.dead_body.base2": {
							"bones": {
								"body": {
									"rotation": "[90.0,0.0,0.0]"
								}
							},
							"loop": true
						}
					}
				},
				"data": "1.8.0",
				"key": "format_version"
			},
			{
				"open": {
					"format_version": "1.8.0",
					"animations": {
						"animation.dead_body.base2": {
							"bones": {
								"body": {
									"rotation": "[90.0,0.0,0.0]"
								}
							},
							"loop": true
						}
					}
				},
				"key": "animations",
				"children": [
					{
						"open": {
							"animation.dead_body.base2": {
								"bones": {
									"body": {
										"rotation": "[90.0,0.0,0.0]"
									}
								},
								"loop": true
							}
						},
						"key": "animation.dead_body.base2",
						"children": [
							{
								"open": {
									"bones": {
										"body": {
											"rotation": "[90.0,0.0,0.0]"
										}
									},
									"loop": true
								},
								"key": "bones",
								"children": [
									{
										"open": {
											"body": {
												"rotation": "[90.0,0.0,0.0]"
											}
										},
										"key": "body",
										"is_minified": true,
										"children": {
											"rotation": "[90.0,0.0,0.0]"
										}
									}
								]
							},
							{
								"data": "true",
								"key": "loop"
							}
						]
					}
				]
			}
		]
	}
}