{
  "format_version": "1.12.0",
  "minecraft:block": {
    "description": {
      "identifier": "hp:block1",
      "is_experimental": false,
      "register_to_creative_menu": true
    },
    "components": {
      "minecraft:loot": "loot_tables/blocks/block1.json",
      "minecraft:destroy_time": 3,
      "minecraft:explosion_resistance": 3,
      "minecraft:friction": 0.6,
      "minecraft:flammable": {
        "flame_odds": 0.0,
        "burn_odds": 0.0
      },
      "minecraft:map_color": "#444444",
      "minecraft:block_light_absorption": 0.0,
      "minecraft:block_light_emission": 0.0
    }
  }
}