{
  "format_version": [
    1,
    1,
    0
  ],
  "hp:block1": {
    "textures": "block1",
    "sound": "stone"
  },
  "hp:block2": {
    "textures": "block2",
    "sound": "stone"
  },
  "hp:block3": {
    "textures": "block3",
    "sound": "stone"
  },
  "hp:block4": {
    "textures": "block4",
    "sound": "stone"
  },
  "hp:block5": {
    "textures": "block5",
    "sound": "stone"
  },
  "hp:block6": {
    "textures": "block6",
    "sound": "stone"
  },
  "hp:block7": {
    "textures": "block7",
    "sound": "stone"
  }
}