{
	"file_path": "C:\\Users\\User\\AppData\\Local\\Packages\\Microsoft.MinecraftUWP_8wekyb3d8bbwe\\LocalState\\games\\com.mojang\\development_behavior_packs\\SecurityBE\\recipes\\fire_alarm.json",
	"file_type": "recipe",
	"format_version": 1,
	"file_uuid": "20303626_e8a7_4cd0_b4ff_02d2dc0b75c6",
	"file_version": 46,
	"cache_content": {
		"children": [
			{
				"data": "1.12",
				"key": "format_version"
			},
			{
				"open": {
					"format_version": 1.12,
					"minecraft:recipe_shaped": {
						"description": {
							"identifier": "scb:fire_alarm_parts"
						},
						"tags": [
							"crafting_table"
						],
						"pattern": [
							"#Q#",
							"#R#"
						],
						"key": {
							"#": {
								"item": "minecraft:iron_ingot"
							},
							"R": {
								"item": "minecraft:redstone"
							},
							"Q": {
								"item": "minecraft:quartz"
							}
						},
						"result": [
							{
								"item": "scb:fire_alarm_parts",
								"count": 1
							}
						]
					}
				},
				"key": "minecraft:recipe_shaped",
				"children": [
					{
						"open": {
							"description": {
								"identifier": "scb:fire_alarm_parts"
							},
							"tags": [
								"crafting_table"
							],
							"pattern": [
								"#Q#",
								"#R#"
							],
							"key": {
								"#": {
									"item": "minecraft:iron_ingot"
								},
								"R": {
									"item": "minecraft:redstone"
								},
								"Q": {
									"item": "minecraft:quartz"
								}
							},
							"result": [
								{
									"item": "scb:fire_alarm_parts",
									"count": 1
								}
							]
						},
						"key": "description",
						"is_minified": true,
						"children": {
							"identifier": "scb:fire_alarm_parts"
						}
					},
					{
						"open": {
							"description": {
								"identifier": "scb:fire_alarm_parts"
							},
							"tags": [
								"crafting_table"
							],
							"pattern": [
								"#Q#",
								"#R#"
							],
							"key": {
								"#": {
									"item": "minecraft:iron_ingot"
								},
								"R": {
									"item": "minecraft:redstone"
								},
								"Q": {
									"item": "minecraft:quartz"
								}
							},
							"result": [
								{
									"item": "scb:fire_alarm_parts",
									"count": 1
								}
							]
						},
						"key": "tags",
						"is_minified": true,
						"array": [
							"crafting_table"
						]
					},
					{
						"open": {
							"description": {
								"identifier": "scb:fire_alarm_parts"
							},
							"tags": [
								"crafting_table"
							],
							"pattern": [
								"#Q#",
								"#R#"
							],
							"key": {
								"#": {
									"item": "minecraft:iron_ingot"
								},
								"R": {
									"item": "minecraft:redstone"
								},
								"Q": {
									"item": "minecraft:quartz"
								}
							},
							"result": [
								{
									"item": "scb:fire_alarm_parts",
									"count": 1
								}
							]
						},
						"key": "pattern",
						"is_minified": true,
						"array": [
							"#Q#",
							"#R#"
						]
					},
					{
						"open": {
							"description": {
								"identifier": "scb:fire_alarm_parts"
							},
							"tags": [
								"crafting_table"
							],
							"pattern": [
								"#Q#",
								"#R#"
							],
							"key": {
								"#": {
									"item": "minecraft:iron_ingot"
								},
								"R": {
									"item": "minecraft:redstone"
								},
								"Q": {
									"item": "minecraft:quartz"
								}
							},
							"result": [
								{
									"item": "scb:fire_alarm_parts",
									"count": 1
								}
							]
						},
						"key": "key",
						"children": [
							{
								"open": {
									"#": {
										"item": "minecraft:iron_ingot"
									},
									"R": {
										"item": "minecraft:redstone"
									},
									"Q": {
										"item": "minecraft:quartz"
									}
								},
								"key": "#",
								"is_minified": true,
								"children": {
									"item": "minecraft:iron_ingot"
								}
							},
							{
								"open": {
									"#": {
										"item": "minecraft:iron_ingot"
									},
									"R": {
										"item": "minecraft:redstone"
									},
									"Q": {
										"item": "minecraft:quartz"
									}
								},
								"key": "R",
								"is_minified": true,
								"children": {
									"item": "minecraft:redstone"
								}
							},
							{
								"open": {
									"#": {
										"item": "minecraft:iron_ingot"
									},
									"R": {
										"item": "minecraft:redstone"
									},
									"Q": {
										"item": "minecraft:quartz"
									}
								},
								"key": "Q",
								"is_minified": true,
								"children": {
									"item": "minecraft:quartz"
								}
							}
						]
					},
					{
						"open": {
							"description": {
								"identifier": "scb:fire_alarm_parts"
							},
							"tags": [
								"crafting_table"
							],
							"pattern": [
								"#Q#",
								"#R#"
							],
							"key": {
								"#": {
									"item": "minecraft:iron_ingot"
								},
								"R": {
									"item": "minecraft:redstone"
								},
								"Q": {
									"item": "minecraft:quartz"
								}
							},
							"result": [
								{
									"item": "scb:fire_alarm_parts",
									"count": 1
								}
							]
						},
						"key": "result",
						"array": [
							{
								"open": [
									{
										"item": "scb:fire_alarm_parts",
										"count": 1
									}
								],
								"is_minified": true,
								"children": {
									"item": "scb:fire_alarm_parts",
									"count": 1
								}
							}
						]
					}
				]
			}
		]
	}
}