{
	"file_path": "C:\\Users\\User\\AppData\\Local\\Packages\\Microsoft.MinecraftUWP_8wekyb3d8bbwe\\LocalState\\games\\com.mojang\\development_behavior_packs\\SecurityBE\\recipes\\iron_bars_trap_parts.json",
	"file_type": "recipe",
	"format_version": 1,
	"file_uuid": "73210ffd_d900_4e14_9fe1_7d0327ef16fa",
	"file_version": 35,
	"cache_content": {
		"children": [
			{
				"data": "1.12",
				"key": "format_version"
			},
			{
				"open": {
					"format_version": 1.12,
					"minecraft:recipe_shaped": {
						"description": {
							"identifier": "scb:iron_bars_trap_parts"
						},
						"tags": [
							"crafting_table"
						],
						"pattern": [
							"#U#",
							"###",
							"#O#"
						],
						"key": {
							"#": {
								"item": "minecraft:iron_bars"
							},
							"O": {
								"item": "minecraft:stone_pressure_plate"
							},
							"U": {
								"item": "minecraft:iron_block"
							}
						},
						"result": [
							{
								"item": "scb:iron_bars_trap_parts",
								"count": 1
							}
						]
					}
				},
				"key": "minecraft:recipe_shaped",
				"children": [
					{
						"open": {
							"description": {
								"identifier": "scb:iron_bars_trap_parts"
							},
							"tags": [
								"crafting_table"
							],
							"pattern": [
								"#U#",
								"###",
								"#O#"
							],
							"key": {
								"#": {
									"item": "minecraft:iron_bars"
								},
								"O": {
									"item": "minecraft:stone_pressure_plate"
								},
								"U": {
									"item": "minecraft:iron_block"
								}
							},
							"result": [
								{
									"item": "scb:iron_bars_trap_parts",
									"count": 1
								}
							]
						},
						"key": "description",
						"is_minified": true,
						"children": {
							"identifier": "scb:iron_bars_trap_parts"
						}
					},
					{
						"open": {
							"description": {
								"identifier": "scb:iron_bars_trap_parts"
							},
							"tags": [
								"crafting_table"
							],
							"pattern": [
								"#U#",
								"###",
								"#O#"
							],
							"key": {
								"#": {
									"item": "minecraft:iron_bars"
								},
								"O": {
									"item": "minecraft:stone_pressure_plate"
								},
								"U": {
									"item": "minecraft:iron_block"
								}
							},
							"result": [
								{
									"item": "scb:iron_bars_trap_parts",
									"count": 1
								}
							]
						},
						"key": "tags",
						"is_minified": true,
						"array": [
							"crafting_table"
						]
					},
					{
						"open": {
							"description": {
								"identifier": "scb:iron_bars_trap_parts"
							},
							"tags": [
								"crafting_table"
							],
							"pattern": [
								"#U#",
								"###",
								"#O#"
							],
							"key": {
								"#": {
									"item": "minecraft:iron_bars"
								},
								"O": {
									"item": "minecraft:stone_pressure_plate"
								},
								"U": {
									"item": "minecraft:iron_block"
								}
							},
							"result": [
								{
									"item": "scb:iron_bars_trap_parts",
									"count": 1
								}
							]
						},
						"key": "pattern",
						"is_minified": true,
						"array": [
							"#U#",
							"###",
							"#O#"
						]
					},
					{
						"open": {
							"description": {
								"identifier": "scb:iron_bars_trap_parts"
							},
							"tags": [
								"crafting_table"
							],
							"pattern": [
								"#U#",
								"###",
								"#O#"
							],
							"key": {
								"#": {
									"item": "minecraft:iron_bars"
								},
								"O": {
									"item": "minecraft:stone_pressure_plate"
								},
								"U": {
									"item": "minecraft:iron_block"
								}
							},
							"result": [
								{
									"item": "scb:iron_bars_trap_parts",
									"count": 1
								}
							]
						},
						"key": "key",
						"children": [
							{
								"open": {
									"#": {
										"item": "minecraft:iron_bars"
									},
									"O": {
										"item": "minecraft:stone_pressure_plate"
									},
									"U": {
										"item": "minecraft:iron_block"
									}
								},
								"key": "#",
								"is_minified": true,
								"children": {
									"item": "minecraft:iron_bars"
								}
							},
							{
								"open": {
									"#": {
										"item": "minecraft:iron_bars"
									},
									"O": {
										"item": "minecraft:stone_pressure_plate"
									},
									"U": {
										"item": "minecraft:iron_block"
									}
								},
								"key": "O",
								"is_minified": true,
								"children": {
									"item": "minecraft:stone_pressure_plate"
								}
							},
							{
								"open": {
									"#": {
										"item": "minecraft:iron_bars"
									},
									"O": {
										"item": "minecraft:stone_pressure_plate"
									},
									"U": {
										"item": "minecraft:iron_block"
									}
								},
								"key": "U",
								"is_minified": true,
								"children": {
									"item": "minecraft:iron_block"
								}
							}
						]
					},
					{
						"open": {
							"description": {
								"identifier": "scb:iron_bars_trap_parts"
							},
							"tags": [
								"crafting_table"
							],
							"pattern": [
								"#U#",
								"###",
								"#O#"
							],
							"key": {
								"#": {
									"item": "minecraft:iron_bars"
								},
								"O": {
									"item": "minecraft:stone_pressure_plate"
								},
								"U": {
									"item": "minecraft:iron_block"
								}
							},
							"result": [
								{
									"item": "scb:iron_bars_trap_parts",
									"count": 1
								}
							]
						},
						"key": "result",
						"array": [
							{
								"open": [
									{
										"item": "scb:iron_bars_trap_parts",
										"count": 1
									}
								],
								"is_minified": true,
								"children": {
									"item": "scb:iron_bars_trap_parts",
									"count": 1
								}
							}
						]
					}
				]
			}
		]
	}
}