{
    "format_version": "1.10.0",
    "animation_controllers": {
        "controller.animation.sirlich_entity_commands": {
            "states": {
                "default": {
                    "transitions": [
                        {
                            "command_example": "query.variant == 1"
                        },
                        {
                            "zombies": "query.variant == 2"
                        }
                    ]
                },
                "command_example": {
                    "transitions": [
                        {
                            "default": "query.variant != 1"
                        }
                    ],
                    "on_entry": [
                        "/say Command One!",
                        "@s execute_no_commands"
                    ]
                },
                "zombies": {
                    "transitions": [
                        {
                            "default": "query.variant != 2"
                        }
                    ],
                    "on_entry": [
                        "/say AHH! Zombies everywhere!",
                        "/summon minecraft:zombie",
                        "/summon minecraft:zombie",
                        "/summon minecraft:zombie",
                        "/summon minecraft:zombie",
                        "@s execute_no_commands"
                    ]
                }
            }
        }
    }
}