{
  "format_version": "1.14.0",
  "minecraft:entity": {
    "description": {
      "identifier": "hp:astronout_red",
      "is_spawnable": true,
      "is_summonable": true,
      "is_experimental": false
    },
    "component_groups": {
      "hp:cmp_group": {}
    },
    "components": {
      "minecraft:type_family": {
        "family": [
          "astronout"
        ]
      },
      "minecraft:breathable": {
        "totalSupply": 15,
        "suffocateTime": 0
      },
      "minecraft:collision_box": {
        "width": 1,
        "height": 1
      },
      "minecraft:nameable": {},
      "minecraft:health": {
        "value": 26,
        "max": 30
      },
      "minecraft:movement": {
        "value": 0.2
      },
      "minecraft:leashable": {},
      "minecraft:navigation.walk": {
        "can_path_over_water": true,
        "avoid_damage_blocks": true
      },
      "minecraft:jump.static": {},
      "minecraft:physics": {},
      "minecraft:damage_sensor": {
          "triggers":[
            {
    			"on_damage": {
    				"filters": {
    					"test": "is_family",
    					"subject": "other",
    					"operator" : "==",
    					"value" : "player"
    				},
    				"event" : "hp:red",
    				"target" : "other"
    			},
    			"deals_damage": false
	        }
	    ]}
    }
  }
}