{
    "format_version": "1.16.0",
    "minecraft:block": {
        "description": {
            "identifier": "furniture:cabinet"
        },
        "components": {
            "minecraft:material_instances": {
                "*": {
                    "texture": "cabinet",
                    "render_method": "blend"
                }
            },
            "minecraft:pick_collision": {
                "origin": [ -8, 0, -8 ],
                "size": [ 16, 16, 16 ]
            },
            "minecraft:loot": "loot_tables/chests/loot_tables/blocks/asteroid_rock.json",
            "minecraft:geometry": "geometry.cabinet",
            "minecraft:destroy_time": 3.0,
            "minecraft:on_player_placing": {
                "event": "furniture:place"
            },
            "minecraft:friction": 0.6,
            "minecraft:map_color": "#00ff00",
            "minecraft:flammable": {
                "flame_odds": 0,
                "burn_odds": 0
            },
            "minecraft:block_light_emission": 0.0
        },
        "events": {
            "furniture:place": {
                "execute_command": {
                    "command": [ "say hi" ]
                }
            }
        }
    }
}