{
	"file_path": "C:\\Users\\User\\AppData\\Local\\Packages\\Microsoft.MinecraftUWP_8wekyb3d8bbwe\\LocalState\\games\\com.mojang\\development_behavior_packs\\SecurityBE\\items\\block_remover.json",
	"file_type": "item",
	"format_version": 1,
	"file_uuid": "ec153ac6_8d98_467a_ab92_ac8febdced66",
	"file_version": 3,
	"cache_content": {
		"open": true,
		"comment": "",
		"data": "",
		"key": "global",
		"type": "object",
		"meta": {},
		"children": [
			{
				"open": false,
				"comment": "",
				"data": "1.10",
				"key": "format_version",
				"type": "string",
				"meta": {},
				"children": []
			},
			{
				"open": true,
				"comment": "",
				"data": "",
				"key": "minecraft:item",
				"type": "object",
				"meta": {},
				"children": [
					{
						"open": true,
						"comment": "",
						"data": "",
						"key": "description",
						"type": "object",
						"meta": {},
						"children": [
							{
								"open": false,
								"comment": "",
								"data": "scb:block_remover",
								"key": "identifier",
								"type": "string",
								"meta": {},
								"children": []
							}
						]
					},
					{
						"open": true,
						"comment": "",
						"data": "",
						"key": "components",
						"type": "object",
						"meta": {},
						"children": [
							{
								"open": true,
								"comment": "",
								"data": "1000",
								"key": "minecraft:use_duration",
								"type": "number",
								"meta": {},
								"children": []
							},
							{
								"open": false,
								"comment": "",
								"data": "1",
								"key": "minecraft:max_stack_size",
								"type": "string",
								"meta": {},
								"children": []
							},
							{
								"open": false,
								"comment": "",
								"data": "true",
								"key": "minecraft:stacked_by_data",
								"type": "string",
								"meta": {},
								"children": []
							},
							{
								"open": false,
								"comment": "",
								"data": "200",
								"key": "minecraft:max_damage",
								"type": "string",
								"meta": {},
								"children": []
							}
						]
					}
				]
			}
		]
	}
}