{
	"file_path": "C:\\Users\\User\\AppData\\Local\\Packages\\Microsoft.MinecraftUWP_8wekyb3d8bbwe\\LocalState\\games\\com.mojang\\development_behavior_packs\\SecurityBE\\items\\iron_bars_trap_parts.json",
	"file_type": "item",
	"format_version": 1,
	"file_uuid": "4fdcbee6_cb32_41fe_ada0_18ede114b1de",
	"file_version": 15,
	"cache_content": {
		"open": true,
		"comment": "",
		"data": "",
		"key": "global",
		"type": "object",
		"meta": {},
		"children": [
			{
				"open": true,
				"comment": "",
				"data": "1.10",
				"key": "format_version",
				"type": "string",
				"meta": {},
				"children": []
			},
			{
				"open": true,
				"comment": "",
				"data": "",
				"key": "minecraft:item",
				"type": "object",
				"meta": {},
				"children": [
					{
						"open": true,
						"comment": "",
						"data": "",
						"key": "description",
						"type": "object",
						"meta": {},
						"children": [
							{
								"open": true,
								"comment": "",
								"data": "scb:iron_bars_trap_parts",
								"key": "identifier",
								"type": "string",
								"meta": {
									"definitions": [
										"item"
									]
								},
								"children": []
							},
							{
								"open": false,
								"comment": "",
								"data": "true",
								"key": "register_to_creative_menu",
								"type": "string",
								"meta": {},
								"children": []
							}
						]
					},
					{
						"open": true,
						"comment": "",
						"data": "",
						"key": "components",
						"type": "object",
						"meta": {},
						"children": [
							{
								"open": false,
								"comment": "",
								"data": "32",
								"key": "minecraft:use_duration",
								"type": "number",
								"meta": {},
								"children": []
							},
							{
								"open": true,
								"comment": "",
								"data": "64",
								"key": "minecraft:max_stack_size",
								"type": "string",
								"meta": {},
								"children": []
							},
							{
								"open": false,
								"comment": "",
								"data": "true",
								"key": "minecraft:stacked_by_data",
								"type": "string",
								"meta": {},
								"children": []
							},
							{
								"open": false,
								"comment": "",
								"data": "true",
								"key": "minecraft:foil",
								"type": "string",
								"meta": {},
								"children": []
							}
						]
					}
				]
			}
		]
	}
}