{
	"format_version": "1.10.0",
	"geometry.astronout": {
		"texturewidth": 64,
		"textureheight": 64,
		"visible_bounds_width": 2,
		"visible_bounds_height": 2,
		"visible_bounds_offset": [0, 0, 0],
		"bones": [
			{
				"name": "body",
				"pivot": [0, 18, 0],
				"cubes": [
					{"origin": [-4, 6, -2], "size": [8, 6, 4], "uv": [28, 28]},
					{"origin": [-3, 6, 2], "size": [6, 6, 1], "uv": [32, 38]}
				]
			},
			{
				"name": "bodyArmor",
				"parent": "body",
				"pivot": [0, 18, 0]
			},
			{
				"name": "belt",
				"parent": "body",
				"pivot": [0, 18, 0]
			},
			{
				"name": "waist",
				"pivot": [0, 12, 0]
			},
			{
				"name": "head",
				"pivot": [0, 12, 0],
				"cubes": [
					{"origin": [-4, 12, -4], "size": [8, 8, 8], "uv": [0, 16]}
				]
			},
			{
				"name": "hat",
				"parent": "head",
				"pivot": [0, 12, 0],
				"cubes": [
					{"origin": [-4, 12, -4], "size": [8, 8, 8], "uv": [0, 0], "inflate": 0.5}
				]
			},
			{
				"name": "rightArm",
				"pivot": [-5, 16, 0],
				"cubes": [
					{"origin": [-8, 4, -2], "size": [4, 12, 4], "uv": [32, 0]}
				]
			},
			{
				"name": "rightItem",
				"parent": "rightArm",
				"pivot": [-6, 15, 1]
			},
			{
				"name": "rightArmArmor",
				"parent": "rightArm",
				"pivot": [-5, 22, 0]
			},
			{
				"name": "leftArm",
				"pivot": [5, 16, 0],
				"mirror": true,
				"cubes": [
					{"origin": [4, 4, -2], "size": [4, 12, 4], "uv": [0, 32], "mirror": false}
				]
			},
			{
				"name": "leftArmArmor",
				"parent": "leftArm",
				"pivot": [5, 22, 0],
				"mirror": true
			},
			{
				"name": "rightLeg",
				"pivot": [-1.9, 6, 0],
				"cubes": [
					{"origin": [-3.9, 0, -2], "size": [4, 6, 4], "uv": [16, 34]}
				]
			},
			{
				"name": "rightLegging",
				"parent": "rightLeg",
				"pivot": [-1.9, 12, 0]
			},
			{
				"name": "rightBoot",
				"parent": "rightLeg",
				"pivot": [-1.9, 12, 0]
			},
			{
				"name": "rightSock",
				"parent": "rightLeg",
				"pivot": [-1.9, 12, 0]
			},
			{
				"name": "leftLeg",
				"pivot": [1.9, 6, 0],
				"mirror": true,
				"cubes": [
					{"origin": [-0.1, 0, -2], "size": [4, 6, 4], "uv": [32, 16], "mirror": false}
				]
			},
			{
				"name": "leftLegging",
				"parent": "leftLeg",
				"pivot": [1.9, 12, 0],
				"mirror": true
			},
			{
				"name": "leftBoot",
				"parent": "leftLeg",
				"pivot": [1.9, 12, 0],
				"mirror": true
			},
			{
				"name": "leftSock",
				"parent": "leftLeg",
				"pivot": [1.9, 12, 0],
				"mirror": true
			},
			{
				"name": "helmet",
				"pivot": [0, 24, 0]
			}
		]
	}
}