{
	"format_version": "1.10.0",
	"animation_controllers": {
		"controller.animation.bridge_key_door_open_front.execute_commands": {
			"states": {
				"default": {
					"transitions": [
						{
							"execute_command_id_2": "query.skin_id == 2"
						},
						{
							"execute_command_id_1": "query.skin_id == 1"
						}
					]
				},
				"execute_command_id_1": {
					"transitions": [
						{
							"default": "query.skin_id != 1"
						}
					],
					"on_entry": [
						"/playsound random.door_open @a ~ ~ ~",
						"/setblock ~ ~1 ~ air",
						"/particle minecraft:villager_happy ~ ~1 ~",
						"@s bridge:remove_command_id_1"
					]
				},
				"execute_command_id_2": {
					"transitions": [
						{
							"default": "query.skin_id != 2"
						}
					],
					"on_entry": [
						"/playsound random.door_open @a ~ ~ ~",
						"/setblock ~ ~1 ~ air",
						"/title @p actionbar §a[SecurityDoor] Hola @p, Bienvenido!.",
						"@s bridge:remove_command_id_2"
					]
				}
			}
		}
	}
}