{
	"format_version": "1.8.0",
	"animations": {
		"animation.among_us.dead": {
			"animation_length": 10000,
			"bones": {
				"rightLeg": {
					"rotation": {
						"0.0": [0, 0, 0],
						"1.3667": [-3, 0, 0],
						"1.4833": [65, 0, 0]
					},
					"position": {
						"1.3667": [0, 0, 0],
						"1.4833": [0, 2, 0]
					}
				},
				"leftLeg": {
					"rotation": {
						"0.0": [0, 0, 0],
						"1.3667": [-3, 0, 0],
						"1.4833": [65, 0, 0]
					},
					"position": {
						"1.3667": [0, 0, 0],
						"1.4833": [0, 2, 0]
					}
				},
				"body": {
					"rotation": {
						"0.0": [-3, 0, 0],
						"0.3667": [3, 0, 0],
						"0.6833": [-3, 0, 0],
						"1.0333": [3, 0, 0],
						"1.3667": [-3, 0, 0],
						"1.4833": [90, 0, 0]
					},
					"position": {
						"1.3667": [0, 0, 0],
						"1.4833": [0, 6, 0]
					}
				}
			}
		}
	}
}