{
   "format_version": "1.11.0",
   "minecraft:entity": {
      "description": {
         "identifier": "minecraft:player",
         "is_spawnable": false,
         "is_summonable": false,
         "is_experimental": false
      },
      "component_groups": {
         "minecraft:normal_player": {
          "minecraft:variant": {
            "value": 0
          }
      },
      "minecraft:yellow_skin": {
          "minecraft:variant": {
            "value": 1
          }
      },
      "minecraft:orange_skin": {
          "minecraft:variant": {
            "value": 2
          }
      },
      "minecraft:black_skin": {
          "minecraft:variant": {
            "value": 3
          }
      },
      "minecraft:dark_green_skin": {
          "minecraft:variant": {
            "value": 4
          }
      },
      "minecraft:red_skin": {
          "minecraft:variant": {
            "value": 5
          }
      },
      "minecraft:blue_skin": {
          "minecraft:variant": {
            "value": 6
          }
      },
      "minecraft:green_skin": {
          "minecraft:variant": {
            "value": 7
          }
      },
        "minecraft:purple_skin": {
          "minecraft:variant": {
            "value": 8
          }
      },
        "minecraft:pink_skin": {
          "minecraft:variant": {
            "value": 9
          }
      },
        "minecraft:white_skin": {
          "minecraft:variant": {
            "value": 10
          }
      },
        "minecraft:cian_skin": {
          "minecraft:variant": {
            "value": 11
          }
      },
        "minecraft:brown_skin": {
          "minecraft:variant": {
            "value": 12
          }
      },
      "minecraft:add_bad_omen": {
        "minecraft:spell_effects": {
          "add_effects": [
            {
              "effect": "bad_omen",
              "duration": 6000,
              "display_on_screen_animation": true
            }
          ]
        },
        "minecraft:timer": {
          "time": [
            0,
            0
          ],
          "looping": false,
          "time_down_event": {
            "event": "minecraft:clear_add_bad_omen",
            "target": "self"
          }
        }
      },
      "minecraft:clear_bad_omen_spell_effect": {
        "minecraft:spell_effects": {}
      },
      "minecraft:raid_trigger": {
        "minecraft:raid_trigger": {
          "triggered_event": {
            "event": "minecraft:remove_raid_trigger",
            "target": "self"
          }
        },
        "minecraft:spell_effects": {
          "remove_effects": "bad_omen"
        }
      }
    },
    "components": {
      "minecraft:type_family": {
        "family": [
          "player"
        ]
      },
      "minecraft:is_hidden_when_invisible": {},
      "minecraft:movement": {
        "value": 0.1
      },
      "minecraft:loot": {
        "table": "loot_tables/empty.json"
      },
      "minecraft:collision_box": {
        "width": 0.6,
        "height": 1.8
      },
      "minecraft:can_climb": {},
      "minecraft:player.saturation": {
        "value": 20
      },
      "minecraft:player.exhaustion": {
        "value": 0,
        "max": 4
      },
      "minecraft:player.level": {
        "value": 0,
        "max": 24791
      },
      "minecraft:player.experience": {
        "value": 0,
        "max": 1
      },
      "minecraft:breathable": {
        "totalSupply": 15,
        "suffocateTime": -1,
        "inhaleTime": 3.75,
        "generatesBubbles": false
      },
      "minecraft:nameable": {
        "alwaysShow": true,
        "allowNameTagRenaming": false
      },
      "minecraft:physics": {},
      "minecraft:insomnia": {
        "days_until_insomnia": 3
      },
      "minecraft:rideable": {
        "seat_count": 2,
        "family_types": [
          "parrot_tame"
        ],
        "pull_in_entities": true,
        "seats": [
          {
            "position": [
              0.4,
              -0.15,
              0.04
            ],
            "min_rider_count": 0,
            "max_rider_count": 0,
            "lock_rider_rotation": 0
          },
          {
            "position": [
              -0.4,
              -0.15,
              0.04
            ],
            "min_rider_count": 1,
            "max_rider_count": 2,
            "lock_rider_rotation": 0
          }
        ]
      },
      "minecraft:scaffolding_climber": {},
      "minecraft:environment_sensor": [
        {
          "on_environment": {
            "filters": {
              "all_of": [
                {
                  "test": "has_mob_effect",
                  "subject": "self",
                  "value": "bad_omen"
                },
                {
                  "test": "is_in_village",
                  "subject": "self",
                  "value": true
                }
              ]
            },
            "event": "minecraft:trigger_raid"
          }
        },
        {
          "on_environment": {
            "filters": {
              "all_of": [
                {
                  "test": "is_family",
                  "subject": "self",
                  "value": "player"
                }
              ]
            },
            "event": "minecraft:event_normal_player"
          }
        },
        {
          "on_environment": {
            "filters": {
              "all_of": [
                {
                  "test": "has_equipment",
                  "subject": "self",
                  "domain": "head",
                  "value": "among_us:among_us_orange_skin"
                }
              ]
            },
            "event": "minecraft:orange_skin"
          }
        },
        {
          "on_environment": {
            "filters": {
              "all_of": [
                {
                  "test": "has_equipment",
                  "subject": "self",
                  "domain": "head",
                  "value": "among_us:among_us_red_skin"
                }
              ]
            },
            "event": "minecraft:red_skin"
          }
        },
        {
          "on_environment": {
            "filters": {
              "all_of": [
                {
                  "test": "has_equipment",
                  "subject": "self",
                  "domain": "head",
                  "value": "among_us:among_us_black_skin"
                }
              ]
            },
            "event": "minecraft:black_skin"
          }
        },
        {
          "on_environment": {
            "filters": {
              "all_of": [
                {
                  "test": "has_equipment",
                  "subject": "self",
                  "domain": "head",
                  "value": "among_us:among_us_green_skin"
                }
              ]
            },
            "event": "minecraft:green_skin"
          }
        },
        {
          "on_environment": {
            "filters": {
              "all_of": [
                {
                  "test": "has_equipment",
                  "subject": "self",
                  "domain": "head",
                  "value": "among_us:among_us_purple_skin"
                }
              ]
            },
            "event": "minecraft:purple_skin"
          }
        },
        {
          "on_environment": {
            "filters": {
              "all_of": [
                {
                  "test": "has_equipment",
                  "subject": "self",
                  "domain": "head",
                  "value": "among_us:among_us_blue_skin"
                }
              ]
            },
            "event": "minecraft:blue_skin"
          }
        },
        {
          "on_environment": {
            "filters": {
              "all_of": [
                {
                  "test": "has_equipment",
                  "subject": "self",
                  "domain": "head",
                  "value": "among_us:among_us_pink_skin"
                }
              ]
            },
            "event": "minecraft:pink_skin"
          }
        },
        {
          "on_environment": {
            "filters": {
              "all_of": [
                {
                  "test": "has_equipment",
                  "subject": "self",
                  "domain": "head",
                  "value": "among_us:among_us_brown_skin"
                }
              ]
            },
            "event": "minecraft:brown_skin"
          }
        },
        {
          "on_environment": {
            "filters": {
              "all_of": [
                {
                  "test": "has_equipment",
                  "subject": "self",
                  "domain": "head",
                  "value": "among_us:among_us_cian_skin"
                }
              ]
            },
            "event": "minecraft:cian_skin"
          }
        },
        {
          "on_environment": {
            "filters": {
              "all_of": [
                {
                  "test": "has_equipment",
                  "subject": "self",
                  "domain": "head",
                  "value": "among_us:among_us_white_skin"
                }
              ]
            },
            "event": "minecraft:white_skin"
          }
        },
        {
          "on_environment": {
            "filters": {
              "all_of": [
                {
                  "test": "has_equipment",
                  "subject": "self",
                  "domain": "head",
                  "value": "among_us:among_us_dark_green_skin"
                }
              ]
            },
            "event": "minecraft:dark_green_skin"
          }
        },
        {
          "on_environment": {
            "filters": {
              "all_of": [
                {
                  "test": "has_equipment",
                  "subject": "self",
                  "domain": "head",
                  "value": "among_us:among_us_yellow_skin"
                }
              ]
            },
            "event": "minecraft:yellow_skin"   
          }
        }
      ]
    },
    "events": {
      "minecraft:event_normal_player": {
        "add": {
          "component_groups": [
            "minecraft:normal_player"
          ]
        },
        "remove": {
          "component_groups": [
            "minecraft:black_skin",
            "minecraft:blue_skin",
            "minecraft:yellow_skin",
			"minecraft:dark_green_skin",
			"minecraft:orange_skin",
			"minecraft:pink_skin",
			"minecraft:red_skin",
			"minecraft:white_skin",
            "minecraft:green_skin",
			"minecraft:purple_skin",
            "minecraft:brown_skin",
			"minecraft:cian_skin"
          ]
        }
      },
      "minecraft:cian_skin": {
        "add": {
          "component_groups": [
            "minecraft:cian_skin"
          ]
        }
      },
      "minecraft:brown_skin": {
        "add": {
          "component_groups": [
            "minecraft:brown_skin"
          ]
        }
      },
      "minecraft:orange_skin": {
        "add": {
          "component_groups": [
            "minecraft:orange_skin"
          ]
        }
      },
      "minecraft:black_skin": {
        "add": {
          "component_groups": [
            "minecraft:black_skin"
          ]
        }
      },
      "minecraft:pink_skin": {
        "add": {
          "component_groups": [
            "minecraft:pink_skin"
          ]
        }
      },
      "minecraft:red_skin": {
        "add": {
          "component_groups": [
            "minecraft:red_skin"
          ]
        }
      },
      "minecraft:blue_skin": {
        "add": {
          "component_groups": [
            "minecraft:blue_skin"
          ]
        }
      },
      "minecraft:yellow_skin": {
        "add": {
          "component_groups": [
            "minecraft:yellow_skin"
          ]
        }
      },
      "minecraft:green_skin": {
        "add": {
          "component_groups": [
            "minecraft:green_skin"
          ]
        }
      },
        "minecraft:purple_skin": {
        "add": {
          "component_groups": [
            "minecraft:purple_skin"  
          ]
        }
      }, 
        "minecraft:dark_green_skin": {
        "add": {
          "component_groups": [
            "minecraft:dark_green_skin"  
          ]
        }
      }, 
        "minecraft:white_skin": {
        "add": {
          "component_groups": [
            "minecraft:white_skin"  
          ]
        }
      }, 
      "minecraft:gain_bad_omen": {
        "add": {
          "component_groups": [
            "minecraft:add_bad_omen"
          ]
        }
      },
      "minecraft:clear_add_bad_omen": {
        "remove": {
          "component_groups": [
            "minecraft:add_bad_omen"
          ]
        },
        "add": {
          "component_groups": [
            "minecraft:clear_bad_omen_spell_effect"
          ]
        }
      },
      "minecraft:trigger_raid": {
        "add": {
          "component_groups": [
            "minecraft:raid_trigger"
          ]
        }
      },
      "minecraft:remove_raid_trigger": {
        "remove": {
          "component_groups": [
            "minecraft:raid_trigger"
          ]
        }
      }
    }
  }
}