{
	"format_version": "1.12.0",
	"minecraft:geometry": [
		{
			"description": {
				"identifier": "geometry.dead",
				"texture_width": 64,
				"texture_height": 64,
				"visible_bounds_width": 2,
				"visible_bounds_height": 2,
				"visible_bounds_offset": [0, 0, 0]
			},
			"bones": [
				{
					"name": "rightLeg",
					"pivot": [-3, 0, -1],
					"cubes": [
						{"origin": [-5, 0, -3], "size": [4, 6, 4], "uv": [16, 29]}
					]
				},
				{
					"name": "leftLeg",
					"pivot": [3, 0, -1],
					"cubes": [
						{"origin": [1, 0, -3], "size": [4, 6, 4], "uv": [0, 29]}
					]
				},
				{
					"name": "body",
					"pivot": [0, 0, 0],
					"cubes": [
						{"origin": [-7, 7, -6], "size": [14, 3, 9], "uv": [0, 0]},
						{"origin": [-6, 6, -5], "size": [12, 1, 8], "uv": [0, 12]},
						{"origin": [-5, 5, -4], "size": [10, 1, 7], "uv": [0, 21]},
						{"origin": [-2, 10, -3], "size": [4, 7, 4], "uv": [0, 39]},
						{"origin": [-5, 16, -3], "size": [4, 4, 4], "uv": [0, 39]},
						{"origin": [1, 16, -3], "size": [4, 4, 4], "uv": [0, 39]}
					]
				},
				{
					"name": "pack",
					"parent": "body",
					"pivot": [0, -1, 0],
					"cubes": [
						{"origin": [-4, 9, 3], "size": [8, 1, 2], "uv": [27, 21]}
					]
				}
			]
		}
	]
}