{
	"format_version": "1.12.0",
	"minecraft:geometry": [
		{
			"description": {
				"identifier": "geometry.default",
				"texture_width": 128,
				"texture_height": 128,
				"visible_bounds_width": 2,
				"visible_bounds_height": 2,
				"visible_bounds_offset": [0, 0, 0]
			},
			"bones": [
				{
					"name": "rightLeg",
					"pivot": [-3, 6, -1],
					"cubes": [
						{"origin": [-5, 0, -3], "size": [4, 6, 4], "uv": [0, 43]}
					]
				},
				{
					"name": "leftLeg",
					"pivot": [3, 6, -1],
					"cubes": [
						{"origin": [1, 0, -3], "size": [4, 6, 4], "uv": [18, 39]}
					]
				},
				{
					"name": "body",
					"pivot": [0, -1, 0],
					"cubes": [
						{"origin": [-7, 7, -6], "size": [14, 12, 9], "uv": [0, 0]},
						{"origin": [-6, 19, -5], "size": [12, 1, 8], "uv": [0, 30]},
						{"origin": [-6, 6, -5], "size": [12, 1, 8], "uv": [0, 21]},
						{"origin": [-5, 13, -7], "size": [10, 3, 1], "uv": [0, 39]},
						{"origin": [-4, 16, -7], "size": [8, 1, 1], "uv": [46, 13]},
						{"origin": [-3, 17, -7], "size": [6, 1, 1], "uv": [46, 15]},
						{"origin": [-5, 20, -4], "size": [10, 1, 7], "uv": [32, 30]},
						{"origin": [-5, 5, -4], "size": [10, 1, 7], "uv": [32, 21]},
						{"origin": [-4, 21, -3], "size": [8, 1, 6], "uv": [37, 0]}
					]
				},
				{
					"name": "pack",
					"parent": "body",
					"pivot": [0, -1, 0],
					"cubes": [
						{"origin": [-5, 10, 3], "size": [10, 8, 3], "uv": [37, 38]},
						{"origin": [-4, 18, 3], "size": [8, 1, 2], "uv": [46, 10]},
						{"origin": [-4, 9, 3], "size": [8, 1, 2], "uv": [46, 7]}
					]
				}
			]
		}
	]
}