{
  "format_version": "1.16.0",
  "minecraft:entity": {
    "description": {
      "identifier": "among_us:lime_dead",
      "is_spawnable": false,
      "is_summonable": true,
      "is_experimental": false
    },
    "component_groups": {
    },
    "components": {
      "minecraft:collision_box": {
        "width": 0,
        "height": 0
      },
      "minecraft:type_family": {
        "family": [ "among_us", "dead" ]
      },
      "minecraft:physics": {
      },
      "minecraft:damage_sensor": {
        "triggers": {
          "cause": "all",
          "deals_damage": false
        }
      },
      "minecraft:pushable": {
        "is_pushable": false,
        "is_pushable_by_piston": true
      }
    },
    "events": {
      "dead": {
        "add": {
          "component_groups": [
            "dead"
          ]
        }
      }
    }
  }
}