{
  "format_version": "1.10.0",
  "minecraft:client_entity": {
    "description": {
      "identifier": "hp:astronout",
      "materials": {
        "default": "skeleton"
      },
      "textures": {
        "default": "textures/entity/white"
      },
      "geometry": {
        "default": "geometry.astronout"
      },
      "render_controllers": [
        "controller.render.astronout"
      ],
      "enable_attachables": false,
      "spawn_egg": {
        "texture": "item_white",
        "texture_index" : 0
      }
    }
  }
}