{
  "format_version": "1.10.0",
  "minecraft:client_entity": {
    "description": {
      "identifier": "hp:em_button",
      "materials": {
        "default": "skeleton"
      },
      "textures": {
        "default": "textures/entity/em_button"
      },
      "geometry": {
        "default": "geometry.em_button"
      },
      "animations": {
          "base" : "controller.animation.sirlich_entity_commands"
      },
      "scripts": {
        "animate": [
          "base"
        ]
      },
      "render_controllers": [
        "controller.render.skeleton"
      ],
      "enable_attachables": false,
      "spawn_egg": {
        "texture" : "em_button_item",
        "texture_index" : 0
      }
    }
  }
}