{
	"file_path": "C:\\Users\\Hanprog\\AppData\\Local\\Packages\\Microsoft.MinecraftUWP_8wekyb3d8bbwe\\LocalState\\games\\com.mojang\\development_resource_packs\\Among Us Pack RP\\animation_controllers\\dead_body.controller.animation.json",
	"file_type": "rp_animation_controller",
	"format_version": 1,
	"file_uuid": "3a9d3ca2_59dc_4052_84c0_22d537cb97fb",
	"file_version": 2,
	"cache_content": {
		"children": [
			{
				"data": "1.10.0",
				"key": "format_version"
			},
			{
				"open": {
					"format_version": "1.10.0",
					"animation_controllers": {
						"controller.animation.dead_body.base2": {
							"initial_state": "default",
							"states": {
								"default": {
									"animations": [
										"base"
									]
								}
							}
						}
					}
				},
				"key": "animation_controllers",
				"children": [
					{
						"open": {
							"controller.animation.dead_body.base2": {
								"initial_state": "default",
								"states": {
									"default": {
										"animations": [
											"base"
										]
									}
								}
							}
						},
						"key": "controller.animation.dead_body.base2",
						"children": [
							{
								"data": "default",
								"key": "initial_state"
							},
							{
								"open": {
									"initial_state": "default",
									"states": {
										"default": {
											"animations": [
												"base"
											]
										}
									}
								},
								"key": "states",
								"children": [
									{
										"open": {
											"default": {
												"animations": [
													"base"
												]
											}
										},
										"key": "default",
										"children": [
											{
												"open": {
													"animations": [
														"base"
													]
												},
												"key": "animations",
												"is_minified": true,
												"array": [
													"base"
												]
											}
										]
									}
								]
							}
						]
					}
				]
			}
		]
	}
}