{
	"file_path": "C:\\Users\\User\\AppData\\Local\\Packages\\Microsoft.MinecraftUWP_8wekyb3d8bbwe\\LocalState\\games\\com.mojang\\development_behavior_packs\\SecurityBE\\animation_controllers\\bridge\\commands_key_chest.json.json",
	"file_type": "animation_controller",
	"format_version": 1,
	"file_uuid": "caf9bded_389a_44e6_9fc7_36a1e839bfd8",
	"file_version": 0,
	"cache_content": {
		"open": true,
		"comment": "",
		"data": "",
		"key": "global",
		"type": "object",
		"meta": {},
		"children": [
			{
				"open": false,
				"comment": "",
				"data": "1.10.0",
				"key": "format_version",
				"type": "string",
				"meta": {},
				"children": []
			},
			{
				"open": true,
				"comment": "",
				"data": "",
				"key": "animation_controllers",
				"type": "object",
				"meta": {},
				"children": [
					{
						"open": true,
						"comment": "",
						"data": "",
						"key": "controller.animation.bridge_key_chest.execute_commands",
						"type": "object",
						"meta": {},
						"children": [
							{
								"open": true,
								"comment": "",
								"data": "",
								"key": "states",
								"type": "object",
								"meta": {},
								"children": [
									{
										"open": false,
										"comment": "",
										"data": "",
										"key": "default",
										"type": "object",
										"meta": {},
										"children": [
											{
												"open": false,
												"comment": "",
												"data": "",
												"key": "transitions",
												"type": "array",
												"meta": {},
												"children": [
													{
														"open": false,
														"comment": "",
														"data": "",
														"key": "0",
														"type": "object",
														"meta": {},
														"children": [
															{
																"open": false,
																"comment": "",
																"data": "query.skin_id == 5",
																"key": "execute_command_id_5",
																"type": "string",
																"meta": {},
																"children": []
															}
														]
													},
													{
														"open": false,
														"comment": "",
														"data": "",
														"key": "1",
														"type": "object",
														"meta": {},
														"children": [
															{
																"open": false,
																"comment": "",
																"data": "query.skin_id == 4",
																"key": "execute_command_id_4",
																"type": "string",
																"meta": {},
																"children": []
															}
														]
													},
													{
														"open": false,
														"comment": "",
														"data": "",
														"key": "2",
														"type": "object",
														"meta": {},
														"children": [
															{
																"open": false,
																"comment": "",
																"data": "query.skin_id == 3",
																"key": "execute_command_id_3",
																"type": "string",
																"meta": {},
																"children": []
															}
														]
													},
													{
														"open": false,
														"comment": "",
														"data": "",
														"key": "3",
														"type": "object",
														"meta": {},
														"children": [
															{
																"open": false,
																"comment": "",
																"data": "query.skin_id == 2",
																"key": "execute_command_id_2",
																"type": "string",
																"meta": {},
																"children": []
															}
														]
													},
													{
														"open": false,
														"comment": "",
														"data": "",
														"key": "4",
														"type": "object",
														"meta": {},
														"children": [
															{
																"open": false,
																"comment": "",
																"data": "query.skin_id == 1",
																"key": "execute_command_id_1",
																"type": "string",
																"meta": {},
																"children": []
															}
														]
													}
												]
											}
										]
									},
									{
										"open": false,
										"comment": "",
										"data": "",
										"key": "execute_command_id_1",
										"type": "object",
										"meta": {},
										"children": [
											{
												"open": true,
												"comment": "",
												"data": "",
												"key": "transitions",
												"type": "array",
												"meta": {},
												"children": [
													{
														"open": false,
														"comment": "",
														"data": "",
														"key": "0",
														"type": "object",
														"meta": {},
														"children": [
															{
																"open": false,
																"comment": "",
																"data": "query.skin_id != 1",
																"key": "default",
																"type": "string",
																"meta": {},
																"children": []
															}
														]
													}
												]
											},
											{
												"open": false,
												"comment": "",
												"data": "",
												"key": "on_entry",
												"type": "array",
												"meta": {},
												"children": [
													{
														"open": false,
														"comment": "",
														"data": "/kill @s",
														"key": "0",
														"type": "string",
														"meta": {},
														"children": []
													},
													{
														"open": false,
														"comment": "",
														"data": "@s bridge:remove_command_id_1",
														"key": "1",
														"type": "string",
														"meta": {},
														"children": []
													}
												]
											}
										]
									},
									{
										"open": false,
										"comment": "",
										"data": "",
										"key": "execute_command_id_2",
										"type": "object",
										"meta": {},
										"children": [
											{
												"open": false,
												"comment": "",
												"data": "",
												"key": "transitions",
												"type": "array",
												"meta": {},
												"children": [
													{
														"open": false,
														"comment": "",
														"data": "",
														"key": "0",
														"type": "object",
														"meta": {},
														"children": [
															{
																"open": false,
																"comment": "",
																"data": "query.skin_id != 2",
																"key": "default",
																"type": "string",
																"meta": {},
																"children": []
															}
														]
													}
												]
											},
											{
												"open": false,
												"comment": "",
												"data": "",
												"key": "on_entry",
												"type": "array",
												"meta": {},
												"children": [
													{
														"open": false,
														"comment": "",
														"data": "/playsound random.orb @a ~ ~ ~",
														"key": "0",
														"type": "string",
														"meta": {},
														"children": []
													},
													{
														"open": false,
														"comment": "",
														"data": "/setblock ~ ~ ~ iron_block",
														"key": "1",
														"type": "string",
														"meta": {},
														"children": []
													},
													{
														"open": false,
														"comment": "",
														"data": "/setblock ~ ~ ~ air 0 destroy",
														"key": "2",
														"type": "string",
														"meta": {},
														"children": []
													},
													{
														"open": false,
														"comment": "",
														"data": "/kill @e[type=item,r=1,name=!\"Protected Chest\"]",
														"key": "3",
														"type": "string",
														"meta": {},
														"children": []
													},
													{
														"open": false,
														"comment": "",
														"data": "@s bridge:remove_command_id_2",
														"key": "4",
														"type": "string",
														"meta": {},
														"children": []
													}
												]
											}
										]
									},
									{
										"open": false,
										"comment": "",
										"data": "",
										"key": "execute_command_id_4",
										"type": "object",
										"meta": {},
										"children": [
											{
												"open": false,
												"comment": "",
												"data": "",
												"key": "transitions",
												"type": "array",
												"meta": {},
												"children": [
													{
														"open": false,
														"comment": "",
														"data": "",
														"key": "0",
														"type": "object",
														"meta": {},
														"children": [
															{
																"open": false,
																"comment": "",
																"data": "query.skin_id != 4",
																"key": "default",
																"type": "string",
																"meta": {},
																"children": []
															}
														]
													}
												]
											},
											{
												"open": true,
												"comment": "",
												"data": "",
												"key": "on_entry",
												"type": "array",
												"meta": {},
												"children": [
													{
														"open": false,
														"comment": "",
														"data": "/playsound random.orb @a ~ ~ ~",
														"key": "0",
														"type": "string",
														"meta": {},
														"children": []
													},
													{
														"open": false,
														"comment": "",
														"data": "@s bridge:remove_command_id_4",
														"key": "1",
														"type": "string",
														"meta": {},
														"children": []
													}
												]
											}
										]
									},
									{
										"open": false,
										"comment": "",
										"data": "",
										"key": "execute_command_id_5",
										"type": "object",
										"meta": {},
										"children": [
											{
												"open": false,
												"comment": "",
												"data": "",
												"key": "transitions",
												"type": "array",
												"meta": {},
												"children": [
													{
														"open": false,
														"comment": "",
														"data": "",
														"key": "0",
														"type": "object",
														"meta": {},
														"children": [
															{
																"open": false,
																"comment": "",
																"data": "query.skin_id != 5",
																"key": "default",
																"type": "string",
																"meta": {},
																"children": []
															}
														]
													}
												]
											},
											{
												"open": false,
												"comment": "",
												"data": "",
												"key": "on_entry",
												"type": "array",
												"meta": {},
												"children": [
													{
														"open": false,
														"comment": "",
														"data": "/playsound random.pop @a ~ ~ ~",
														"key": "0",
														"type": "string",
														"meta": {},
														"children": []
													},
													{
														"open": false,
														"comment": "",
														"data": "@s bridge:remove_command_id_5",
														"key": "1",
														"type": "string",
														"meta": {},
														"children": []
													}
												]
											}
										]
									}
								]
							}
						]
					}
				]
			}
		]
	}
}