{
  "resource_pack_name": "vanilla",
  "texture_name": "atlas.terrain",
  "padding": 8,
  "num_mip_levels": 4,
  "texture_data": {
    "block1": {
      "textures": "textures/blocks/space_block/block1"
    },
    "block2": {
      "textures": "textures/blocks/space_block/block2"
    },
    "block3": {
      "textures": "textures/blocks/space_block/block3"
    },
    "block4": {
      "textures": "textures/blocks/space_block/block4"
    },
    "block5": {
      "textures": "textures/blocks/space_block/block5"
    },
    "block6": {
      "textures": "textures/blocks/space_block/block6"
    },
    "block7": {
      "textures": "textures/blocks/space_block/block7"
    }
  }
}