{
	"file_path": "C:\\Users\\User\\AppData\\Local\\Packages\\Microsoft.MinecraftUWP_8wekyb3d8bbwe\\LocalState\\games\\com.mojang\\development_behavior_packs\\SecurityBE/entities/mine_explode.json",
	"file_type": "entity",
	"format_version": 1,
	"file_uuid": "588822b0_ed88_4ee2_a477_6ad76fcd30c1",
	"file_version": 1,
	"cache_content": {
		"open": true,
		"comment": "",
		"data": "",
		"key": "global",
		"type": "object",
		"meta": {},
		"children": [
			{
				"open": true,
				"comment": "",
				"data": "1.12.0",
				"key": "format_version",
				"type": "string",
				"meta": {},
				"children": []
			},
			{
				"open": true,
				"comment": "",
				"data": "",
				"key": "minecraft:entity",
				"type": "object",
				"meta": {},
				"children": [
					{
						"open": false,
						"comment": "",
						"data": "",
						"key": "description",
						"type": "object",
						"meta": {},
						"children": [
							{
								"open": false,
								"comment": "",
								"data": "scb:mine_explode",
								"key": "identifier",
								"type": "string",
								"meta": {},
								"children": []
							},
							{
								"open": false,
								"comment": "",
								"data": "false",
								"key": "is_spawnable",
								"type": "boolean",
								"meta": {},
								"children": []
							},
							{
								"open": false,
								"comment": "",
								"data": "true",
								"key": "is_summonable",
								"type": "boolean",
								"meta": {},
								"children": []
							},
							{
								"open": false,
								"comment": "",
								"data": "false",
								"key": "is_experimental",
								"type": "boolean",
								"meta": {},
								"children": []
							}
						]
					},
					{
						"open": false,
						"comment": "",
						"data": "",
						"key": "component_groups",
						"type": "object",
						"meta": {},
						"children": [
							{
								"open": false,
								"comment": "",
								"data": "",
								"key": "from_explosion",
								"type": "object",
								"meta": {},
								"children": [
									{
										"open": false,
										"comment": "",
										"data": "",
										"key": "minecraft:explode",
										"type": "object",
										"meta": {},
										"children": [
											{
												"open": false,
												"comment": "",
												"data": "",
												"key": "fuse_length",
												"type": "object",
												"meta": {},
												"children": [
													{
														"open": false,
														"comment": "",
														"data": "0.05",
														"key": "range_min",
														"type": "number",
														"meta": {},
														"children": []
													},
													{
														"open": false,
														"comment": "",
														"data": "0.05",
														"key": "range_max",
														"type": "number",
														"meta": {},
														"children": []
													}
												]
											},
											{
												"open": false,
												"comment": "",
												"data": "4",
												"key": "power",
												"type": "number",
												"meta": {},
												"children": []
											},
											{
												"open": false,
												"comment": "",
												"data": "false",
												"key": "causes_fire",
												"type": "boolean",
												"meta": {},
												"children": []
											}
										]
									}
								]
							}
						]
					},
					{
						"open": false,
						"comment": "",
						"data": "",
						"key": "components",
						"type": "object",
						"meta": {},
						"children": [
							{
								"open": false,
								"comment": "",
								"data": "",
								"key": "minecraft:type_family",
								"type": "object",
								"meta": {},
								"children": [
									{
										"open": false,
										"comment": "",
										"data": "",
										"key": "family",
										"type": "array",
										"meta": {},
										"children": [
											{
												"open": false,
												"comment": "",
												"data": "tnt",
												"key": "0",
												"type": "string",
												"meta": {},
												"children": []
											},
											{
												"open": false,
												"comment": "",
												"data": "inanimate",
												"key": "1",
												"type": "string",
												"meta": {},
												"children": []
											}
										]
									}
								]
							},
							{
								"open": false,
								"comment": "",
								"data": "",
								"key": "minecraft:collision_box",
								"type": "object",
								"meta": {},
								"children": [
									{
										"open": false,
										"comment": "",
										"data": "0.98",
										"key": "width",
										"type": "number",
										"meta": {},
										"children": []
									},
									{
										"open": false,
										"comment": "",
										"data": "0.98",
										"key": "height",
										"type": "number",
										"meta": {},
										"children": []
									}
								]
							},
							{
								"open": false,
								"comment": "",
								"data": "",
								"key": "minecraft:explode",
								"type": "object",
								"meta": {},
								"children": [
									{
										"open": false,
										"comment": "",
										"data": "0",
										"key": "fuse_length",
										"type": "number",
										"meta": {},
										"children": []
									},
									{
										"open": false,
										"comment": "",
										"data": "true",
										"key": "fuse_lit",
										"type": "boolean",
										"meta": {},
										"children": []
									},
									{
										"open": false,
										"comment": "",
										"data": "4",
										"key": "power",
										"type": "number",
										"meta": {},
										"children": []
									},
									{
										"open": false,
										"comment": "",
										"data": "false",
										"key": "causes_fire",
										"type": "boolean",
										"meta": {},
										"children": []
									}
								]
							},
							{
								"open": false,
								"comment": "",
								"data": "",
								"key": "minecraft:physics",
								"type": "object",
								"meta": {},
								"children": []
							},
							{
								"open": false,
								"comment": "",
								"data": "",
								"key": "minecraft:pushable",
								"type": "object",
								"meta": {},
								"children": [
									{
										"open": false,
										"comment": "",
										"data": "false",
										"key": "is_pushable",
										"type": "boolean",
										"meta": {},
										"children": []
									},
									{
										"open": false,
										"comment": "",
										"data": "true",
										"key": "is_pushable_by_piston",
										"type": "boolean",
										"meta": {},
										"children": []
									}
								]
							}
						]
					},
					{
						"open": false,
						"comment": "",
						"data": "",
						"key": "events",
						"type": "object",
						"meta": {},
						"children": [
							{
								"open": false,
								"comment": "",
								"data": "",
								"key": "from_explosion",
								"type": "object",
								"meta": {},
								"children": [
									{
										"open": false,
										"comment": "",
										"data": "",
										"key": "add",
										"type": "object",
										"meta": {},
										"children": [
											{
												"open": false,
												"comment": "",
												"data": "",
												"key": "component_groups",
												"type": "array",
												"meta": {},
												"children": [
													{
														"open": false,
														"comment": "",
														"data": "from_explosion",
														"key": "0",
														"type": "string",
														"meta": {},
														"children": []
													}
												]
											}
										]
									}
								]
							}
						]
					}
				]
			}
		]
	}
}