{
	"file_path": "C:\\Users\\User\\AppData\\Local\\Packages\\Microsoft.MinecraftUWP_8wekyb3d8bbwe\\LocalState\\games\\com.mojang\\development_behavior_packs\\SecurityBE\\entities\\misil_launcher.json",
	"file_type": "entity",
	"format_version": 1,
	"file_uuid": "967d2120_ef04_4c6c_81b3_ce0f4467eb7d",
	"file_version": 167,
	"cache_content": {
		"children": [
			{
				"open": {
					"format_version": "1.13.0",
					"minecraft:entity": {
						"description": {
							"identifier": "scb:misil_launcher",
							"is_summonable": true,
							"is_spawnable": true,
							"runtime_identifier": "scb:misil_launcher"
						},
						"component_groups": {
							"turr_activate": {
								"minecraft:transformation": {
									"begin_transformation_sound": "random.orb",
									"into": "scb:closed_turret",
									"transformation_sound": "random.orb",
									"keep_owner": true,
									"delay": {
										"value": 1.95
									}
								}
							},
							"turr_owner": {
								"minecraft:is_tamed": {},
								"minecraft:behavior.ranged_attack": {
									"attack_radius": 25,
									"attack_interval_min": 5,
									"attack_interval_max": 5
								}
							},
							"remover": {
								"minecraft:despawn": {}
							},
							"scb:despown": {
								"minecraft:despawn": {}
							}
						},
						"components": {
							"minecraft:physics": {
								"has_collision": true,
								"has_gravity": true
							},
							"minecraft:type_family": {
								"family": [
									"shulker",
									"mob",
									"inanimate",
									"turret"
								]
							},
							"minecraft:interact": {
								"interactions": [
									{
										"on_interact": {
											"filters": {
												"all_of": [
													{
														"test": "has_equipment",
														"subject": "other",
														"domain": "hand",
														"value": "scb:block_remover"
													},
													{
														"test": "is_owner",
														"subject": "other",
														"value": true
													}
												]
											},
											"event": "scb:despawn"
										},
										"hurt_item": 1
									}
								]
							},
							"minecraft:navigation.walk": {},
							"minecraft:behavior.random_look_around": {
								"priority": 1,
								"look_time": 0.5
							},
							"minecraft:movement.basic": {},
							"minecraft:movement": {
								"value": 0,
								"max": 0
							},
							"minecraft:shooter": {
								"type": "arrow",
								"def": "scb:misile_bullet"
							},
							"minecraft:behavior.nearest_attackable_target": {
								"priority": 2,
								"must_see": true,
								"entity_types": [
									{
										"filters": {
											"subject": "other",
											"test": "is_family",
											"value": "monster"
										},
										"max_dist": 15
									},
									{
										"filters": {
											"none_of": [
												{
													"subject": "other",
													"test": "is_owner",
													"value": true
												},
												{
													"subject": "other",
													"test": "is_family",
													"value": "turret"
												},
												{
													"test": "is_family",
													"subject": "other",
													"value": "mob"
												}
											]
										}
									},
									{
										"filters": {
											"subject": "player",
											"test": "is_owner",
											"value": false
										}
									}
								],
								"reselect_targets": true,
								"attack_interval": 1,
								"within_radius": 300,
								"scan_interval": 1
							},
							"minecraft:attack": {
								"damage": 20
							},
							"minecraft:behavior.melee_attack": {
								"priority": 1,
								"max_dist": 10,
								"speed_multiplier": 0.9
							},
							"minecraft:collision_box": {
								"width": 1,
								"height": 2
							},
							"minecraft:attack_damage": {
								"value": 20
							},
							"minecraft:tameable": {
								"probability": 1,
								"tame_items": [
									"scb:padlock"
								],
								"tame_event": {
									"event": "scb:owner"
								}
							},
							"minecraft:on_hurt": {
								"filters": {
									"test": "is_owner",
									"subject": "other",
									"value": true
								},
								"event": "scb:rem"
							},
							"minecraft:on_hurt_by_player": {
								"filters": {
									"test": "is_owner",
									"value": true,
									"subject": "other"
								},
								"event": "sbc:turret_activate"
							},
							"minecraft:health": {
								"value": 500,
								"max": 500,
								"min": 500
							},
							"minecraft:pushable": {
								"is_pushable": false,
								"is_pushable_by_piston": false
							},
							"minecraft:persistent": {},
							"minecraft:knockback_resistance": {
								"value": 10000,
								"max": 10000
							},
							"minecraft:damage_sensor": {
								"triggers": [
									{
										"cause": "all",
										"deals_damage": false
									}
								]
							}
						},
						"events": {
							"sbc:turret_activate": {
								"remove": {},
								"add": {
									"component_groups": [
										"turr_activate"
									]
								}
							},
							"minecraft:entity_transformed": {
								"execute": {
									"commands": [
										"/title @p actionbar §aTurret ON",
										"/playsound random.click @a ~ ~ ~"
									]
								},
								"add": {
									"component_groups": [
										"turr_owner"
									]
								}
							},
							"minecraft:entity_spawned": {
								"execute": {
									"commands": [
										"/playsound random.click @a ~ ~ ~"
									]
								}
							},
							"scb:owner": {
								"execute": {
									"commands": [
										"/playsound random.orb @a ~ ~ ~"
									]
								},
								"add": {
									"component_groups": [
										"turr_owner"
									]
								}
							},
							"scb:rem": {
								"add": {
									"component_groups": [
										"remover"
									]
								}
							},
							"scb:despawn": {
								"add": {
									"component_groups": [
										"scb:despown"
									]
								},
								"execute": {
									"commands": [
										"/playsound random.orb @a ~ ~ ~",
										"/setblock ~ ~ ~ rocket_launcher_drop",
										"/setblock ~ ~ ~ air 0 destroy"
									]
								}
							}
						}
					}
				},
				"data": "1.13.0",
				"key": "format_version"
			},
			{
				"open": {
					"format_version": "1.13.0",
					"minecraft:entity": {
						"description": {
							"identifier": "scb:misil_launcher",
							"is_summonable": true,
							"is_spawnable": true,
							"runtime_identifier": "scb:misil_launcher"
						},
						"component_groups": {
							"turr_activate": {
								"minecraft:transformation": {
									"begin_transformation_sound": "random.orb",
									"into": "scb:closed_turret",
									"transformation_sound": "random.orb",
									"keep_owner": true,
									"delay": {
										"value": 1.95
									}
								}
							},
							"turr_owner": {
								"minecraft:is_tamed": {},
								"minecraft:behavior.ranged_attack": {
									"attack_radius": 25,
									"attack_interval_min": 5,
									"attack_interval_max": 5
								}
							},
							"remover": {
								"minecraft:despawn": {}
							},
							"scb:despown": {
								"minecraft:despawn": {}
							}
						},
						"components": {
							"minecraft:physics": {
								"has_collision": true,
								"has_gravity": true
							},
							"minecraft:type_family": {
								"family": [
									"shulker",
									"mob",
									"inanimate",
									"turret"
								]
							},
							"minecraft:interact": {
								"interactions": [
									{
										"on_interact": {
											"filters": {
												"all_of": [
													{
														"test": "has_equipment",
														"subject": "other",
														"domain": "hand",
														"value": "scb:block_remover"
													},
													{
														"test": "is_owner",
														"subject": "other",
														"value": true
													}
												]
											},
											"event": "scb:despawn"
										},
										"hurt_item": 1
									}
								]
							},
							"minecraft:navigation.walk": {},
							"minecraft:behavior.random_look_around": {
								"priority": 1,
								"look_time": 0.5
							},
							"minecraft:movement.basic": {},
							"minecraft:movement": {
								"value": 0,
								"max": 0
							},
							"minecraft:shooter": {
								"type": "arrow",
								"def": "scb:misile_bullet"
							},
							"minecraft:behavior.nearest_attackable_target": {
								"priority": 2,
								"must_see": true,
								"entity_types": [
									{
										"filters": {
											"subject": "other",
											"test": "is_family",
											"value": "monster"
										},
										"max_dist": 15
									},
									{
										"filters": {
											"none_of": [
												{
													"subject": "other",
													"test": "is_owner",
													"value": true
												},
												{
													"subject": "other",
													"test": "is_family",
													"value": "turret"
												},
												{
													"test": "is_family",
													"subject": "other",
													"value": "mob"
												}
											]
										}
									},
									{
										"filters": {
											"subject": "player",
											"test": "is_owner",
											"value": false
										}
									}
								],
								"reselect_targets": true,
								"attack_interval": 1,
								"within_radius": 300,
								"scan_interval": 1
							},
							"minecraft:attack": {
								"damage": 20
							},
							"minecraft:behavior.melee_attack": {
								"priority": 1,
								"max_dist": 10,
								"speed_multiplier": 0.9
							},
							"minecraft:collision_box": {
								"width": 1,
								"height": 2
							},
							"minecraft:attack_damage": {
								"value": 20
							},
							"minecraft:tameable": {
								"probability": 1,
								"tame_items": [
									"scb:padlock"
								],
								"tame_event": {
									"event": "scb:owner"
								}
							},
							"minecraft:on_hurt": {
								"filters": {
									"test": "is_owner",
									"subject": "other",
									"value": true
								},
								"event": "scb:rem"
							},
							"minecraft:on_hurt_by_player": {
								"filters": {
									"test": "is_owner",
									"value": true,
									"subject": "other"
								},
								"event": "sbc:turret_activate"
							},
							"minecraft:health": {
								"value": 500,
								"max": 500,
								"min": 500
							},
							"minecraft:pushable": {
								"is_pushable": false,
								"is_pushable_by_piston": false
							},
							"minecraft:persistent": {},
							"minecraft:knockback_resistance": {
								"value": 10000,
								"max": 10000
							},
							"minecraft:damage_sensor": {
								"triggers": [
									{
										"cause": "all",
										"deals_damage": false
									}
								]
							}
						},
						"events": {
							"sbc:turret_activate": {
								"remove": {},
								"add": {
									"component_groups": [
										"turr_activate"
									]
								}
							},
							"minecraft:entity_transformed": {
								"execute": {
									"commands": [
										"/title @p actionbar §aTurret ON",
										"/playsound random.click @a ~ ~ ~"
									]
								},
								"add": {
									"component_groups": [
										"turr_owner"
									]
								}
							},
							"minecraft:entity_spawned": {
								"execute": {
									"commands": [
										"/playsound random.click @a ~ ~ ~"
									]
								}
							},
							"scb:owner": {
								"execute": {
									"commands": [
										"/playsound random.orb @a ~ ~ ~"
									]
								},
								"add": {
									"component_groups": [
										"turr_owner"
									]
								}
							},
							"scb:rem": {
								"add": {
									"component_groups": [
										"remover"
									]
								}
							},
							"scb:despawn": {
								"add": {
									"component_groups": [
										"scb:despown"
									]
								},
								"execute": {
									"commands": [
										"/playsound random.orb @a ~ ~ ~",
										"/setblock ~ ~ ~ rocket_launcher_drop",
										"/setblock ~ ~ ~ air 0 destroy"
									]
								}
							}
						}
					}
				},
				"key": "minecraft:entity",
				"children": [
					{
						"open": {
							"description": {
								"identifier": "scb:misil_launcher",
								"is_summonable": true,
								"is_spawnable": true,
								"runtime_identifier": "scb:misil_launcher"
							},
							"component_groups": {
								"turr_activate": {
									"minecraft:transformation": {
										"begin_transformation_sound": "random.orb",
										"into": "scb:closed_turret",
										"transformation_sound": "random.orb",
										"keep_owner": true,
										"delay": {
											"value": 1.95
										}
									}
								},
								"turr_owner": {
									"minecraft:is_tamed": {},
									"minecraft:behavior.ranged_attack": {
										"attack_radius": 25,
										"attack_interval_min": 5,
										"attack_interval_max": 5
									}
								},
								"remover": {
									"minecraft:despawn": {}
								},
								"scb:despown": {
									"minecraft:despawn": {}
								}
							},
							"components": {
								"minecraft:physics": {
									"has_collision": true,
									"has_gravity": true
								},
								"minecraft:type_family": {
									"family": [
										"shulker",
										"mob",
										"inanimate",
										"turret"
									]
								},
								"minecraft:interact": {
									"interactions": [
										{
											"on_interact": {
												"filters": {
													"all_of": [
														{
															"test": "has_equipment",
															"subject": "other",
															"domain": "hand",
															"value": "scb:block_remover"
														},
														{
															"test": "is_owner",
															"subject": "other",
															"value": true
														}
													]
												},
												"event": "scb:despawn"
											},
											"hurt_item": 1
										}
									]
								},
								"minecraft:navigation.walk": {},
								"minecraft:behavior.random_look_around": {
									"priority": 1,
									"look_time": 0.5
								},
								"minecraft:movement.basic": {},
								"minecraft:movement": {
									"value": 0,
									"max": 0
								},
								"minecraft:shooter": {
									"type": "arrow",
									"def": "scb:misile_bullet"
								},
								"minecraft:behavior.nearest_attackable_target": {
									"priority": 2,
									"must_see": true,
									"entity_types": [
										{
											"filters": {
												"subject": "other",
												"test": "is_family",
												"value": "monster"
											},
											"max_dist": 15
										},
										{
											"filters": {
												"none_of": [
													{
														"subject": "other",
														"test": "is_owner",
														"value": true
													},
													{
														"subject": "other",
														"test": "is_family",
														"value": "turret"
													},
													{
														"test": "is_family",
														"subject": "other",
														"value": "mob"
													}
												]
											}
										},
										{
											"filters": {
												"subject": "player",
												"test": "is_owner",
												"value": false
											}
										}
									],
									"reselect_targets": true,
									"attack_interval": 1,
									"within_radius": 300,
									"scan_interval": 1
								},
								"minecraft:attack": {
									"damage": 20
								},
								"minecraft:behavior.melee_attack": {
									"priority": 1,
									"max_dist": 10,
									"speed_multiplier": 0.9
								},
								"minecraft:collision_box": {
									"width": 1,
									"height": 2
								},
								"minecraft:attack_damage": {
									"value": 20
								},
								"minecraft:tameable": {
									"probability": 1,
									"tame_items": [
										"scb:padlock"
									],
									"tame_event": {
										"event": "scb:owner"
									}
								},
								"minecraft:on_hurt": {
									"filters": {
										"test": "is_owner",
										"subject": "other",
										"value": true
									},
									"event": "scb:rem"
								},
								"minecraft:on_hurt_by_player": {
									"filters": {
										"test": "is_owner",
										"value": true,
										"subject": "other"
									},
									"event": "sbc:turret_activate"
								},
								"minecraft:health": {
									"value": 500,
									"max": 500,
									"min": 500
								},
								"minecraft:pushable": {
									"is_pushable": false,
									"is_pushable_by_piston": false
								},
								"minecraft:persistent": {},
								"minecraft:knockback_resistance": {
									"value": 10000,
									"max": 10000
								},
								"minecraft:damage_sensor": {
									"triggers": [
										{
											"cause": "all",
											"deals_damage": false
										}
									]
								}
							},
							"events": {
								"sbc:turret_activate": {
									"remove": {},
									"add": {
										"component_groups": [
											"turr_activate"
										]
									}
								},
								"minecraft:entity_transformed": {
									"execute": {
										"commands": [
											"/title @p actionbar §aTurret ON",
											"/playsound random.click @a ~ ~ ~"
										]
									},
									"add": {
										"component_groups": [
											"turr_owner"
										]
									}
								},
								"minecraft:entity_spawned": {
									"execute": {
										"commands": [
											"/playsound random.click @a ~ ~ ~"
										]
									}
								},
								"scb:owner": {
									"execute": {
										"commands": [
											"/playsound random.orb @a ~ ~ ~"
										]
									},
									"add": {
										"component_groups": [
											"turr_owner"
										]
									}
								},
								"scb:rem": {
									"add": {
										"component_groups": [
											"remover"
										]
									}
								},
								"scb:despawn": {
									"add": {
										"component_groups": [
											"scb:despown"
										]
									},
									"execute": {
										"commands": [
											"/playsound random.orb @a ~ ~ ~",
											"/setblock ~ ~ ~ rocket_launcher_drop",
											"/setblock ~ ~ ~ air 0 destroy"
										]
									}
								}
							}
						},
						"key": "description",
						"is_minified": true,
						"children": {
							"identifier": "scb:misil_launcher",
							"is_summonable": true,
							"is_spawnable": true,
							"runtime_identifier": "scb:misil_launcher"
						}
					},
					{
						"open": {
							"description": {
								"identifier": "scb:misil_launcher",
								"is_summonable": true,
								"is_spawnable": true,
								"runtime_identifier": "scb:misil_launcher"
							},
							"component_groups": {
								"turr_activate": {
									"minecraft:transformation": {
										"begin_transformation_sound": "random.orb",
										"into": "scb:closed_turret",
										"transformation_sound": "random.orb",
										"keep_owner": true,
										"delay": {
											"value": 1.95
										}
									}
								},
								"turr_owner": {
									"minecraft:is_tamed": {},
									"minecraft:behavior.ranged_attack": {
										"attack_radius": 25,
										"attack_interval_min": 5,
										"attack_interval_max": 5
									}
								},
								"remover": {
									"minecraft:despawn": {}
								},
								"scb:despown": {
									"minecraft:despawn": {}
								}
							},
							"components": {
								"minecraft:physics": {
									"has_collision": true,
									"has_gravity": true
								},
								"minecraft:type_family": {
									"family": [
										"shulker",
										"mob",
										"inanimate",
										"turret"
									]
								},
								"minecraft:interact": {
									"interactions": [
										{
											"on_interact": {
												"filters": {
													"all_of": [
														{
															"test": "has_equipment",
															"subject": "other",
															"domain": "hand",
															"value": "scb:block_remover"
														},
														{
															"test": "is_owner",
															"subject": "other",
															"value": true
														}
													]
												},
												"event": "scb:despawn"
											},
											"hurt_item": 1
										}
									]
								},
								"minecraft:navigation.walk": {},
								"minecraft:behavior.random_look_around": {
									"priority": 1,
									"look_time": 0.5
								},
								"minecraft:movement.basic": {},
								"minecraft:movement": {
									"value": 0,
									"max": 0
								},
								"minecraft:shooter": {
									"type": "arrow",
									"def": "scb:misile_bullet"
								},
								"minecraft:behavior.nearest_attackable_target": {
									"priority": 2,
									"must_see": true,
									"entity_types": [
										{
											"filters": {
												"subject": "other",
												"test": "is_family",
												"value": "monster"
											},
											"max_dist": 15
										},
										{
											"filters": {
												"none_of": [
													{
														"subject": "other",
														"test": "is_owner",
														"value": true
													},
													{
														"subject": "other",
														"test": "is_family",
														"value": "turret"
													},
													{
														"test": "is_family",
														"subject": "other",
														"value": "mob"
													}
												]
											}
										},
										{
											"filters": {
												"subject": "player",
												"test": "is_owner",
												"value": false
											}
										}
									],
									"reselect_targets": true,
									"attack_interval": 1,
									"within_radius": 300,
									"scan_interval": 1
								},
								"minecraft:attack": {
									"damage": 20
								},
								"minecraft:behavior.melee_attack": {
									"priority": 1,
									"max_dist": 10,
									"speed_multiplier": 0.9
								},
								"minecraft:collision_box": {
									"width": 1,
									"height": 2
								},
								"minecraft:attack_damage": {
									"value": 20
								},
								"minecraft:tameable": {
									"probability": 1,
									"tame_items": [
										"scb:padlock"
									],
									"tame_event": {
										"event": "scb:owner"
									}
								},
								"minecraft:on_hurt": {
									"filters": {
										"test": "is_owner",
										"subject": "other",
										"value": true
									},
									"event": "scb:rem"
								},
								"minecraft:on_hurt_by_player": {
									"filters": {
										"test": "is_owner",
										"value": true,
										"subject": "other"
									},
									"event": "sbc:turret_activate"
								},
								"minecraft:health": {
									"value": 500,
									"max": 500,
									"min": 500
								},
								"minecraft:pushable": {
									"is_pushable": false,
									"is_pushable_by_piston": false
								},
								"minecraft:persistent": {},
								"minecraft:knockback_resistance": {
									"value": 10000,
									"max": 10000
								},
								"minecraft:damage_sensor": {
									"triggers": [
										{
											"cause": "all",
											"deals_damage": false
										}
									]
								}
							},
							"events": {
								"sbc:turret_activate": {
									"remove": {},
									"add": {
										"component_groups": [
											"turr_activate"
										]
									}
								},
								"minecraft:entity_transformed": {
									"execute": {
										"commands": [
											"/title @p actionbar §aTurret ON",
											"/playsound random.click @a ~ ~ ~"
										]
									},
									"add": {
										"component_groups": [
											"turr_owner"
										]
									}
								},
								"minecraft:entity_spawned": {
									"execute": {
										"commands": [
											"/playsound random.click @a ~ ~ ~"
										]
									}
								},
								"scb:owner": {
									"execute": {
										"commands": [
											"/playsound random.orb @a ~ ~ ~"
										]
									},
									"add": {
										"component_groups": [
											"turr_owner"
										]
									}
								},
								"scb:rem": {
									"add": {
										"component_groups": [
											"remover"
										]
									}
								},
								"scb:despawn": {
									"add": {
										"component_groups": [
											"scb:despown"
										]
									},
									"execute": {
										"commands": [
											"/playsound random.orb @a ~ ~ ~",
											"/setblock ~ ~ ~ rocket_launcher_drop",
											"/setblock ~ ~ ~ air 0 destroy"
										]
									}
								}
							}
						},
						"key": "component_groups",
						"children": [
							{
								"key": "turr_activate",
								"children": [
									{
										"open": {
											"minecraft:transformation": {
												"begin_transformation_sound": "random.orb",
												"into": "scb:closed_turret",
												"transformation_sound": "random.orb",
												"keep_owner": true,
												"delay": {
													"value": 1.95
												}
											}
										},
										"key": "minecraft:transformation",
										"is_minified": true,
										"children": {
											"begin_transformation_sound": "random.orb",
											"into": "scb:closed_turret",
											"transformation_sound": "random.orb",
											"keep_owner": true,
											"delay": {
												"value": 1.95
											}
										}
									}
								]
							},
							{
								"key": "turr_owner",
								"children": [
									{
										"open": {
											"minecraft:is_tamed": {},
											"minecraft:behavior.ranged_attack": {
												"attack_radius": 25,
												"attack_interval_min": 5,
												"attack_interval_max": 5
											}
										},
										"key": "minecraft:is_tamed",
										"is_minified": true,
										"children": {}
									},
									{
										"open": {
											"minecraft:is_tamed": {},
											"minecraft:behavior.ranged_attack": {
												"attack_radius": 25,
												"attack_interval_min": 5,
												"attack_interval_max": 5
											}
										},
										"key": "minecraft:behavior.ranged_attack",
										"is_minified": true,
										"children": {
											"attack_radius": 25,
											"attack_interval_min": 5,
											"attack_interval_max": 5
										}
									}
								]
							},
							{
								"key": "remover",
								"is_minified": true,
								"children": {
									"minecraft:despawn": {}
								}
							},
							{
								"key": "scb:despown",
								"is_minified": true,
								"children": {
									"minecraft:despawn": {}
								}
							}
						]
					},
					{
						"open": {
							"description": {
								"identifier": "scb:misil_launcher",
								"is_summonable": true,
								"is_spawnable": true,
								"runtime_identifier": "scb:misil_launcher"
							},
							"component_groups": {
								"turr_activate": {
									"minecraft:transformation": {
										"begin_transformation_sound": "random.orb",
										"into": "scb:closed_turret",
										"transformation_sound": "random.orb",
										"keep_owner": true,
										"delay": {
											"value": 1.95
										}
									}
								},
								"turr_owner": {
									"minecraft:is_tamed": {},
									"minecraft:behavior.ranged_attack": {
										"attack_radius": 25,
										"attack_interval_min": 5,
										"attack_interval_max": 5
									}
								},
								"remover": {
									"minecraft:despawn": {}
								},
								"scb:despown": {
									"minecraft:despawn": {}
								}
							},
							"components": {
								"minecraft:physics": {
									"has_collision": true,
									"has_gravity": true
								},
								"minecraft:type_family": {
									"family": [
										"shulker",
										"mob",
										"inanimate",
										"turret"
									]
								},
								"minecraft:interact": {
									"interactions": [
										{
											"on_interact": {
												"filters": {
													"all_of": [
														{
															"test": "has_equipment",
															"subject": "other",
															"domain": "hand",
															"value": "scb:block_remover"
														},
														{
															"test": "is_owner",
															"subject": "other",
															"value": true
														}
													]
												},
												"event": "scb:despawn"
											},
											"hurt_item": 1
										}
									]
								},
								"minecraft:navigation.walk": {},
								"minecraft:behavior.random_look_around": {
									"priority": 1,
									"look_time": 0.5
								},
								"minecraft:movement.basic": {},
								"minecraft:movement": {
									"value": 0,
									"max": 0
								},
								"minecraft:shooter": {
									"type": "arrow",
									"def": "scb:misile_bullet"
								},
								"minecraft:behavior.nearest_attackable_target": {
									"priority": 2,
									"must_see": true,
									"entity_types": [
										{
											"filters": {
												"subject": "other",
												"test": "is_family",
												"value": "monster"
											},
											"max_dist": 15
										},
										{
											"filters": {
												"none_of": [
													{
														"subject": "other",
														"test": "is_owner",
														"value": true
													},
													{
														"subject": "other",
														"test": "is_family",
														"value": "turret"
													},
													{
														"test": "is_family",
														"subject": "other",
														"value": "mob"
													}
												]
											}
										},
										{
											"filters": {
												"subject": "player",
												"test": "is_owner",
												"value": false
											}
										}
									],
									"reselect_targets": true,
									"attack_interval": 1,
									"within_radius": 300,
									"scan_interval": 1
								},
								"minecraft:attack": {
									"damage": 20
								},
								"minecraft:behavior.melee_attack": {
									"priority": 1,
									"max_dist": 10,
									"speed_multiplier": 0.9
								},
								"minecraft:collision_box": {
									"width": 1,
									"height": 2
								},
								"minecraft:attack_damage": {
									"value": 20
								},
								"minecraft:tameable": {
									"probability": 1,
									"tame_items": [
										"scb:padlock"
									],
									"tame_event": {
										"event": "scb:owner"
									}
								},
								"minecraft:on_hurt": {
									"filters": {
										"test": "is_owner",
										"subject": "other",
										"value": true
									},
									"event": "scb:rem"
								},
								"minecraft:on_hurt_by_player": {
									"filters": {
										"test": "is_owner",
										"value": true,
										"subject": "other"
									},
									"event": "sbc:turret_activate"
								},
								"minecraft:health": {
									"value": 500,
									"max": 500,
									"min": 500
								},
								"minecraft:pushable": {
									"is_pushable": false,
									"is_pushable_by_piston": false
								},
								"minecraft:persistent": {},
								"minecraft:knockback_resistance": {
									"value": 10000,
									"max": 10000
								},
								"minecraft:damage_sensor": {
									"triggers": [
										{
											"cause": "all",
											"deals_damage": false
										}
									]
								}
							},
							"events": {
								"sbc:turret_activate": {
									"remove": {},
									"add": {
										"component_groups": [
											"turr_activate"
										]
									}
								},
								"minecraft:entity_transformed": {
									"execute": {
										"commands": [
											"/title @p actionbar §aTurret ON",
											"/playsound random.click @a ~ ~ ~"
										]
									},
									"add": {
										"component_groups": [
											"turr_owner"
										]
									}
								},
								"minecraft:entity_spawned": {
									"execute": {
										"commands": [
											"/playsound random.click @a ~ ~ ~"
										]
									}
								},
								"scb:owner": {
									"execute": {
										"commands": [
											"/playsound random.orb @a ~ ~ ~"
										]
									},
									"add": {
										"component_groups": [
											"turr_owner"
										]
									}
								},
								"scb:rem": {
									"add": {
										"component_groups": [
											"remover"
										]
									}
								},
								"scb:despawn": {
									"add": {
										"component_groups": [
											"scb:despown"
										]
									},
									"execute": {
										"commands": [
											"/playsound random.orb @a ~ ~ ~",
											"/setblock ~ ~ ~ rocket_launcher_drop",
											"/setblock ~ ~ ~ air 0 destroy"
										]
									}
								}
							}
						},
						"key": "components",
						"children": [
							{
								"key": "minecraft:physics",
								"is_minified": true,
								"children": {
									"has_collision": true,
									"has_gravity": true
								}
							},
							{
								"key": "minecraft:type_family",
								"children": [
									{
										"open": {
											"family": [
												"shulker",
												"mob",
												"inanimate",
												"turret"
											]
										},
										"key": "family",
										"is_minified": true,
										"array": [
											"shulker",
											"mob",
											"inanimate",
											"turret"
										]
									}
								]
							},
							{
								"open": {
									"minecraft:physics": {
										"has_collision": true,
										"has_gravity": true
									},
									"minecraft:type_family": {
										"family": [
											"shulker",
											"mob",
											"inanimate",
											"turret"
										]
									},
									"minecraft:interact": {
										"interactions": [
											{
												"on_interact": {
													"filters": {
														"all_of": [
															{
																"test": "has_equipment",
																"subject": "other",
																"domain": "hand",
																"value": "scb:block_remover"
															},
															{
																"test": "is_owner",
																"subject": "other",
																"value": true
															}
														]
													},
													"event": "scb:despawn"
												},
												"hurt_item": 1
											}
										]
									},
									"minecraft:navigation.walk": {},
									"minecraft:behavior.random_look_around": {
										"priority": 1,
										"look_time": 0.5
									},
									"minecraft:movement.basic": {},
									"minecraft:movement": {
										"value": 0,
										"max": 0
									},
									"minecraft:shooter": {
										"type": "arrow",
										"def": "scb:misile_bullet"
									},
									"minecraft:behavior.nearest_attackable_target": {
										"priority": 2,
										"must_see": true,
										"entity_types": [
											{
												"filters": {
													"subject": "other",
													"test": "is_family",
													"value": "monster"
												},
												"max_dist": 15
											},
											{
												"filters": {
													"none_of": [
														{
															"subject": "other",
															"test": "is_owner",
															"value": true
														},
														{
															"subject": "other",
															"test": "is_family",
															"value": "turret"
														},
														{
															"test": "is_family",
															"subject": "other",
															"value": "mob"
														}
													]
												}
											},
											{
												"filters": {
													"subject": "player",
													"test": "is_owner",
													"value": false
												}
											}
										],
										"reselect_targets": true,
										"attack_interval": 1,
										"within_radius": 300,
										"scan_interval": 1
									},
									"minecraft:attack": {
										"damage": 20
									},
									"minecraft:behavior.melee_attack": {
										"priority": 1,
										"max_dist": 10,
										"speed_multiplier": 0.9
									},
									"minecraft:collision_box": {
										"width": 1,
										"height": 2
									},
									"minecraft:attack_damage": {
										"value": 20
									},
									"minecraft:tameable": {
										"probability": 1,
										"tame_items": [
											"scb:padlock"
										],
										"tame_event": {
											"event": "scb:owner"
										}
									},
									"minecraft:on_hurt": {
										"filters": {
											"test": "is_owner",
											"subject": "other",
											"value": true
										},
										"event": "scb:rem"
									},
									"minecraft:on_hurt_by_player": {
										"filters": {
											"test": "is_owner",
											"value": true,
											"subject": "other"
										},
										"event": "sbc:turret_activate"
									},
									"minecraft:health": {
										"value": 500,
										"max": 500,
										"min": 500
									},
									"minecraft:pushable": {
										"is_pushable": false,
										"is_pushable_by_piston": false
									},
									"minecraft:persistent": {},
									"minecraft:knockback_resistance": {
										"value": 10000,
										"max": 10000
									},
									"minecraft:damage_sensor": {
										"triggers": [
											{
												"cause": "all",
												"deals_damage": false
											}
										]
									}
								},
								"key": "minecraft:interact",
								"children": [
									{
										"open": {
											"interactions": [
												{
													"on_interact": {
														"filters": {
															"all_of": [
																{
																	"test": "has_equipment",
																	"subject": "other",
																	"domain": "hand",
																	"value": "scb:block_remover"
																},
																{
																	"test": "is_owner",
																	"subject": "other",
																	"value": true
																}
															]
														},
														"event": "scb:despawn"
													},
													"hurt_item": 1
												}
											]
										},
										"key": "interactions",
										"array": [
											{
												"open": [
													{
														"on_interact": {
															"filters": {
																"all_of": [
																	{
																		"test": "has_equipment",
																		"subject": "other",
																		"domain": "hand",
																		"value": "scb:block_remover"
																	},
																	{
																		"test": "is_owner",
																		"subject": "other",
																		"value": true
																	}
																]
															},
															"event": "scb:despawn"
														},
														"hurt_item": 1
													}
												],
												"children": [
													{
														"open": {
															"on_interact": {
																"filters": {
																	"all_of": [
																		{
																			"test": "has_equipment",
																			"subject": "other",
																			"domain": "hand",
																			"value": "scb:block_remover"
																		},
																		{
																			"test": "is_owner",
																			"subject": "other",
																			"value": true
																		}
																	]
																},
																"event": "scb:despawn"
															},
															"hurt_item": 1
														},
														"key": "on_interact",
														"children": [
															{
																"key": "filters",
																"children": [
																	{
																		"open": {
																			"all_of": [
																				{
																					"test": "has_equipment",
																					"subject": "other",
																					"domain": "hand",
																					"value": "scb:block_remover"
																				},
																				{
																					"test": "is_owner",
																					"subject": "other",
																					"value": true
																				}
																			]
																		},
																		"key": "all_of",
																		"is_minified": true,
																		"array": [
																			{
																				"test": "has_equipment",
																				"subject": "other",
																				"domain": "hand",
																				"value": "scb:block_remover"
																			},
																			{
																				"test": "is_owner",
																				"subject": "other",
																				"value": true
																			}
																		]
																	}
																]
															},
															{
																"data": "scb:despawn",
																"key": "event"
															}
														]
													},
													{
														"data": "1",
														"key": "hurt_item"
													}
												]
											}
										]
									}
								]
							},
							{
								"key": "minecraft:navigation.walk",
								"is_minified": true,
								"children": {}
							},
							{
								"key": "minecraft:behavior.random_look_around",
								"is_minified": true,
								"children": {
									"priority": 1,
									"look_time": 0.5
								}
							},
							{
								"key": "minecraft:movement.basic",
								"is_minified": true,
								"children": {}
							},
							{
								"key": "minecraft:movement",
								"is_minified": true,
								"children": {
									"value": 0,
									"max": 0
								}
							},
							{
								"key": "minecraft:shooter",
								"is_minified": true,
								"children": {
									"type": "arrow",
									"def": "scb:misile_bullet"
								}
							},
							{
								"key": "minecraft:behavior.nearest_attackable_target",
								"children": [
									{
										"data": "2",
										"key": "priority"
									},
									{
										"data": "true",
										"key": "must_see"
									},
									{
										"key": "entity_types",
										"array": [
											{
												"children": [
													{
														"open": {
															"filters": {
																"subject": "other",
																"test": "is_family",
																"value": "monster"
															},
															"max_dist": 15
														},
														"key": "filters",
														"is_minified": true,
														"children": {
															"subject": "other",
															"test": "is_family",
															"value": "monster"
														}
													},
													{
														"data": "15",
														"key": "max_dist"
													}
												]
											},
											{
												"children": [
													{
														"key": "filters",
														"children": [
															{
																"open": {
																	"none_of": [
																		{
																			"subject": "other",
																			"test": "is_owner",
																			"value": true
																		},
																		{
																			"subject": "other",
																			"test": "is_family",
																			"value": "turret"
																		},
																		{
																			"test": "is_family",
																			"subject": "other",
																			"value": "mob"
																		}
																	]
																},
																"key": "none_of",
																"is_minified": true,
																"array": [
																	{
																		"subject": "other",
																		"test": "is_owner",
																		"value": true
																	},
																	{
																		"subject": "other",
																		"test": "is_family",
																		"value": "turret"
																	},
																	{
																		"test": "is_family",
																		"subject": "other",
																		"value": "mob"
																	}
																]
															}
														]
													}
												]
											},
											{
												"children": [
													{
														"open": {
															"filters": {
																"subject": "player",
																"test": "is_owner",
																"value": false
															}
														},
														"key": "filters",
														"is_minified": true,
														"children": {
															"subject": "player",
															"test": "is_owner",
															"value": false
														}
													}
												]
											}
										]
									},
									{
										"data": "true",
										"key": "reselect_targets"
									},
									{
										"open": {
											"priority": 2,
											"must_see": true,
											"entity_types": [
												{
													"filters": {
														"subject": "other",
														"test": "is_family",
														"value": "monster"
													},
													"max_dist": 15
												},
												{
													"filters": {
														"none_of": [
															{
																"subject": "other",
																"test": "is_owner",
																"value": true
															},
															{
																"subject": "other",
																"test": "is_family",
																"value": "turret"
															},
															{
																"test": "is_family",
																"subject": "other",
																"value": "mob"
															}
														]
													}
												},
												{
													"filters": {
														"subject": "player",
														"test": "is_owner",
														"value": false
													}
												}
											],
											"reselect_targets": true,
											"attack_interval": 1,
											"within_radius": 300,
											"scan_interval": 1
										},
										"data": "1",
										"key": "attack_interval"
									},
									{
										"data": "300",
										"key": "within_radius"
									},
									{
										"data": "1",
										"key": "scan_interval"
									}
								]
							},
							{
								"key": "minecraft:attack",
								"is_minified": true,
								"children": {
									"damage": 20
								}
							},
							{
								"key": "minecraft:behavior.melee_attack",
								"is_minified": true,
								"children": {
									"priority": 1,
									"max_dist": 10,
									"speed_multiplier": 0.9
								}
							},
							{
								"key": "minecraft:collision_box",
								"is_minified": true,
								"children": {
									"width": 1,
									"height": 2
								}
							},
							{
								"key": "minecraft:attack_damage",
								"is_minified": true,
								"children": {
									"value": 20
								}
							},
							{
								"key": "minecraft:tameable",
								"is_minified": true,
								"children": {
									"probability": 1,
									"tame_items": [
										"scb:padlock"
									],
									"tame_event": {
										"event": "scb:owner"
									}
								}
							},
							{
								"key": "minecraft:on_hurt",
								"children": [
									{
										"open": {
											"filters": {
												"test": "is_owner",
												"subject": "other",
												"value": true
											},
											"event": "scb:rem"
										},
										"key": "filters",
										"is_minified": true,
										"children": {
											"test": "is_owner",
											"subject": "other",
											"value": true
										}
									},
									{
										"data": "scb:rem",
										"key": "event"
									}
								]
							},
							{
								"key": "minecraft:on_hurt_by_player",
								"children": [
									{
										"open": {
											"filters": {
												"test": "is_owner",
												"value": true,
												"subject": "other"
											},
											"event": "sbc:turret_activate"
										},
										"key": "filters",
										"is_minified": true,
										"children": {
											"test": "is_owner",
											"value": true,
											"subject": "other"
										}
									},
									{
										"data": "sbc:turret_activate",
										"key": "event"
									}
								]
							},
							{
								"key": "minecraft:health",
								"is_minified": true,
								"children": {
									"value": 500,
									"max": 500,
									"min": 500
								}
							},
							{
								"key": "minecraft:pushable",
								"is_minified": true,
								"children": {
									"is_pushable": false,
									"is_pushable_by_piston": false
								}
							},
							{
								"key": "minecraft:persistent",
								"is_minified": true,
								"children": {}
							},
							{
								"key": "minecraft:knockback_resistance",
								"is_minified": true,
								"children": {
									"value": 10000,
									"max": 10000
								}
							},
							{
								"key": "minecraft:damage_sensor",
								"is_minified": true,
								"children": {
									"triggers": [
										{
											"cause": "all",
											"deals_damage": false
										}
									]
								}
							}
						]
					},
					{
						"open": {
							"description": {
								"identifier": "scb:misil_launcher",
								"is_summonable": true,
								"is_spawnable": true,
								"runtime_identifier": "scb:misil_launcher"
							},
							"component_groups": {
								"turr_activate": {
									"minecraft:transformation": {
										"begin_transformation_sound": "random.orb",
										"into": "scb:closed_turret",
										"transformation_sound": "random.orb",
										"keep_owner": true,
										"delay": {
											"value": 1.95
										}
									}
								},
								"turr_owner": {
									"minecraft:is_tamed": {},
									"minecraft:behavior.ranged_attack": {
										"attack_radius": 25,
										"attack_interval_min": 5,
										"attack_interval_max": 5
									}
								},
								"remover": {
									"minecraft:despawn": {}
								},
								"scb:despown": {
									"minecraft:despawn": {}
								}
							},
							"components": {
								"minecraft:physics": {
									"has_collision": true,
									"has_gravity": true
								},
								"minecraft:type_family": {
									"family": [
										"shulker",
										"mob",
										"inanimate",
										"turret"
									]
								},
								"minecraft:interact": {
									"interactions": [
										{
											"on_interact": {
												"filters": {
													"all_of": [
														{
															"test": "has_equipment",
															"subject": "other",
															"domain": "hand",
															"value": "scb:block_remover"
														},
														{
															"test": "is_owner",
															"subject": "other",
															"value": true
														}
													]
												},
												"event": "scb:despawn"
											},
											"hurt_item": 1
										}
									]
								},
								"minecraft:navigation.walk": {},
								"minecraft:behavior.random_look_around": {
									"priority": 1,
									"look_time": 0.5
								},
								"minecraft:movement.basic": {},
								"minecraft:movement": {
									"value": 0,
									"max": 0
								},
								"minecraft:shooter": {
									"type": "arrow",
									"def": "scb:misile_bullet"
								},
								"minecraft:behavior.nearest_attackable_target": {
									"priority": 2,
									"must_see": true,
									"entity_types": [
										{
											"filters": {
												"subject": "other",
												"test": "is_family",
												"value": "monster"
											},
											"max_dist": 15
										},
										{
											"filters": {
												"none_of": [
													{
														"subject": "other",
														"test": "is_owner",
														"value": true
													},
													{
														"subject": "other",
														"test": "is_family",
														"value": "turret"
													},
													{
														"test": "is_family",
														"subject": "other",
														"value": "mob"
													}
												]
											}
										},
										{
											"filters": {
												"subject": "player",
												"test": "is_owner",
												"value": false
											}
										}
									],
									"reselect_targets": true,
									"attack_interval": 1,
									"within_radius": 300,
									"scan_interval": 1
								},
								"minecraft:attack": {
									"damage": 20
								},
								"minecraft:behavior.melee_attack": {
									"priority": 1,
									"max_dist": 10,
									"speed_multiplier": 0.9
								},
								"minecraft:collision_box": {
									"width": 1,
									"height": 2
								},
								"minecraft:attack_damage": {
									"value": 20
								},
								"minecraft:tameable": {
									"probability": 1,
									"tame_items": [
										"scb:padlock"
									],
									"tame_event": {
										"event": "scb:owner"
									}
								},
								"minecraft:on_hurt": {
									"filters": {
										"test": "is_owner",
										"subject": "other",
										"value": true
									},
									"event": "scb:rem"
								},
								"minecraft:on_hurt_by_player": {
									"filters": {
										"test": "is_owner",
										"value": true,
										"subject": "other"
									},
									"event": "sbc:turret_activate"
								},
								"minecraft:health": {
									"value": 500,
									"max": 500,
									"min": 500
								},
								"minecraft:pushable": {
									"is_pushable": false,
									"is_pushable_by_piston": false
								},
								"minecraft:persistent": {},
								"minecraft:knockback_resistance": {
									"value": 10000,
									"max": 10000
								},
								"minecraft:damage_sensor": {
									"triggers": [
										{
											"cause": "all",
											"deals_damage": false
										}
									]
								}
							},
							"events": {
								"sbc:turret_activate": {
									"remove": {},
									"add": {
										"component_groups": [
											"turr_activate"
										]
									}
								},
								"minecraft:entity_transformed": {
									"execute": {
										"commands": [
											"/title @p actionbar §aTurret ON",
											"/playsound random.click @a ~ ~ ~"
										]
									},
									"add": {
										"component_groups": [
											"turr_owner"
										]
									}
								},
								"minecraft:entity_spawned": {
									"execute": {
										"commands": [
											"/playsound random.click @a ~ ~ ~"
										]
									}
								},
								"scb:owner": {
									"execute": {
										"commands": [
											"/playsound random.orb @a ~ ~ ~"
										]
									},
									"add": {
										"component_groups": [
											"turr_owner"
										]
									}
								},
								"scb:rem": {
									"add": {
										"component_groups": [
											"remover"
										]
									}
								},
								"scb:despawn": {
									"add": {
										"component_groups": [
											"scb:despown"
										]
									},
									"execute": {
										"commands": [
											"/playsound random.orb @a ~ ~ ~",
											"/setblock ~ ~ ~ rocket_launcher_drop",
											"/setblock ~ ~ ~ air 0 destroy"
										]
									}
								}
							}
						},
						"key": "events",
						"children": [
							{
								"key": "sbc:turret_activate",
								"children": [
									{
										"open": {
											"remove": {},
											"add": {
												"component_groups": [
													"turr_activate"
												]
											}
										},
										"key": "remove",
										"is_minified": true,
										"children": {}
									},
									{
										"key": "add",
										"children": [
											{
												"open": {
													"component_groups": [
														"turr_activate"
													]
												},
												"key": "component_groups",
												"is_minified": true,
												"array": [
													"turr_activate"
												]
											}
										]
									}
								]
							},
							{
								"key": "minecraft:entity_transformed",
								"children": [
									{
										"key": "execute",
										"children": [
											{
												"open": {
													"commands": [
														"/title @p actionbar §aTurret ON",
														"/playsound random.click @a ~ ~ ~"
													]
												},
												"key": "commands",
												"is_minified": true,
												"array": [
													"/title @p actionbar §aTurret ON",
													"/playsound random.click @a ~ ~ ~"
												]
											}
										]
									},
									{
										"key": "add",
										"children": [
											{
												"open": {
													"component_groups": [
														"turr_owner"
													]
												},
												"key": "component_groups",
												"is_minified": true,
												"array": [
													"turr_owner"
												]
											}
										]
									}
								]
							},
							{
								"key": "minecraft:entity_spawned",
								"children": [
									{
										"key": "execute",
										"children": [
											{
												"open": {
													"commands": [
														"/playsound random.click @a ~ ~ ~"
													]
												},
												"key": "commands",
												"is_minified": true,
												"array": [
													"/playsound random.click @a ~ ~ ~"
												]
											}
										]
									}
								]
							},
							{
								"key": "scb:owner",
								"children": [
									{
										"key": "execute",
										"children": [
											{
												"open": {
													"commands": [
														"/playsound random.orb @a ~ ~ ~"
													]
												},
												"key": "commands",
												"is_minified": true,
												"array": [
													"/playsound random.orb @a ~ ~ ~"
												]
											}
										]
									},
									{
										"key": "add",
										"children": [
											{
												"open": {
													"component_groups": [
														"turr_owner"
													]
												},
												"key": "component_groups",
												"is_minified": true,
												"array": [
													"turr_owner"
												]
											}
										]
									}
								]
							},
							{
								"key": "scb:rem",
								"children": [
									{
										"open": {
											"add": {
												"component_groups": [
													"remover"
												]
											}
										},
										"key": "add",
										"children": [
											{
												"open": {
													"component_groups": [
														"remover"
													]
												},
												"key": "component_groups",
												"is_minified": true,
												"array": [
													"remover"
												]
											}
										]
									}
								]
							},
							{
								"open": {
									"sbc:turret_activate": {
										"remove": {},
										"add": {
											"component_groups": [
												"turr_activate"
											]
										}
									},
									"minecraft:entity_transformed": {
										"execute": {
											"commands": [
												"/title @p actionbar §aTurret ON",
												"/playsound random.click @a ~ ~ ~"
											]
										},
										"add": {
											"component_groups": [
												"turr_owner"
											]
										}
									},
									"minecraft:entity_spawned": {
										"execute": {
											"commands": [
												"/playsound random.click @a ~ ~ ~"
											]
										}
									},
									"scb:owner": {
										"execute": {
											"commands": [
												"/playsound random.orb @a ~ ~ ~"
											]
										},
										"add": {
											"component_groups": [
												"turr_owner"
											]
										}
									},
									"scb:rem": {
										"add": {
											"component_groups": [
												"remover"
											]
										}
									},
									"scb:despawn": {
										"add": {
											"component_groups": [
												"scb:despown"
											]
										},
										"execute": {
											"commands": [
												"/playsound random.orb @a ~ ~ ~",
												"/setblock ~ ~ ~ rocket_launcher_drop",
												"/setblock ~ ~ ~ air 0 destroy"
											]
										}
									}
								},
								"key": "scb:despawn",
								"children": [
									{
										"key": "add",
										"is_minified": true,
										"children": {
											"component_groups": [
												"scb:despown"
											]
										}
									},
									{
										"open": {
											"add": {
												"component_groups": [
													"scb:despown"
												]
											},
											"execute": {
												"commands": [
													"/playsound random.orb @a ~ ~ ~",
													"/setblock ~ ~ ~ rocket_launcher_drop",
													"/setblock ~ ~ ~ air 0 destroy"
												]
											}
										},
										"key": "execute",
										"children": [
											{
												"open": {
													"commands": [
														"/playsound random.orb @a ~ ~ ~",
														"/setblock ~ ~ ~ rocket_launcher_drop",
														"/setblock ~ ~ ~ air 0 destroy"
													]
												},
												"key": "commands",
												"is_minified": true,
												"array": [
													"/playsound random.orb @a ~ ~ ~",
													"/setblock ~ ~ ~ rocket_launcher_drop",
													"/setblock ~ ~ ~ air 0 destroy"
												]
											}
										]
									}
								]
							}
						]
					}
				]
			}
		]
	}
}