{
  "format_version": "1.12",
    "minecraft:recipe_shaped": {
        "description": {
            "identifier": "recipe:cabinet"
        },


        "tags": [ "furniture_crafting_table" ],
        "pattern": [
            "CCC",
            "RRR",
            "RRR"
        ],
        "key": {
            "C": {
                "item": "minecraft:stone"
            },
            "R": {
                "item": "minecraft:iron_ingot"
            }
        },
        "result": {
            "item": "furniture:cabinet"
        }
    }
}
