{
  "format_version": "1.12",
    "minecraft:recipe_shaped": {
        "description": {
            "identifier": "recipe:flat_screen_tv"
        },


        "tags": [ "furniture_crafting_table" ],
        "pattern": [
            "CRC",
            "RGR",
            "CRC"
        ],
        "key": {
            "C": {
                "item": "minecraft:iron_ingot"
            },
            "R": {
                "item": "minecraft:redstone"
            },
            "G": {
                "item": "minecraft:glass"
            }
        },
        "result": {
            "item": "furniture:flat_screen_tv"
        }
    }
}
