{
  "format_version": "1.12",
    "minecraft:recipe_shaped": {
        "description": {
            "identifier": "recipe:furniture_crafting_table"
        },


        "tags": [ "crafting_table" ],
        "pattern": [
            "CCC",
            "CCC",
            "CCC"
        ],
        "key": {
            "C": {
                "item": "minecraft:planks"
            }
        },
        "result": {
            "item": "furniture:furniture_crafting_table"
        }
    }
}
